Workbook

Sheet Raw_Post_Data
A1: Post ID | B1: Platform | C1: Date | D1: Content Type | E1: Post Text | F1: Likes | G1: Shares | H1: Comments | I1: Impressions | J1: Reach | K1: Clicks | L1: Hashtags Used | M1: Campaign_Name
A2: P001 | B2: Twitter | C2: 2024-12-23 | D2: Reel | E2: Explore the latest reel on Myntra! Trendy styles await. | F2: 1461 | G2: 184 | H2: 344 | I2: 21915 | J2: 21675 | K2: 15 | L2: #MyntraSale | M2: FashionUpgrade
A3: P002 | B3: Twitter | C3: 2025-04-03 | D3: Text | E3: Explore the latest text on Myntra! Trendy styles await. | F3: 4054 | G3: 389 | H3: 493 | I3: 64864 | J3: 64383 | K3: 117 | L3: #MyntraFashion | M3: EndOfSeasonSale
A4: P003 | B4: YouTube | C4: 2025-05-12 | D4: Reel | E4: Explore the latest reel on Myntra! Trendy styles await. | F4: 2795 | G4: 105 | H4: 49 | I4: 53105 | J4: 52307 | K4: 204 | L4: #MyntraFashion,#MyntraSale | M4: FashionUpgrade
A5: P004 | B5: Instagram | C5: 2024-08-12 | D5: Story | E5: Explore the latest story on Myntra! Trendy styles await. | F5: 2404 | G5: 363 | H5: 138 | I5: 19232 | J5: 18636 | K5: 128 | L5: #MyntraSale | M5: FashionUpgrade | P5: video link
A6: P005 | B6: YouTube | C6: 2024-06-26 | D6: Reel | E6: Explore the latest reel on Myntra! Trendy styles await. | F6: 3557 | G6: 687 | H6: 424 | I6: 71140 | J6: 70701 | K6: 224 | L6: #StyleWithMyntra,#MyntraFashion | M6: MyntraFestiveEdit
A7: P006 | B7: Facebook | C7: 2024-10-31 | D7: Carousel | E7: Explore the latest carousel on Myntra! Trendy styles await. | F7: 2945 | G7: 930 | H7: 355 | I7: 23560 | J7: 23275 | K7: 256 | L7: #MyntraTrend | M7: EndOfSeasonSale
A8: P007 | B8: Twitter | C8: 2024-06-24 | D8: Carousel | E8: Explore the latest carousel on Myntra! Trendy styles await. | F8: 3860 | G8: 201 | H8: 279 | I8: 61760 | J8: 61660 | K8: 235 | L8: #MyntraTrend | M8: MyntraFestiveEdit
A9: P008 | B9: YouTube | C9: 2024-07-13 | D9: Image | E9: Explore the latest image on Myntra! Trendy styles await. | F9: 3929 | G9: 262 | H9: 278 | I9: 43219 | J9: 42841 | K9: 39 | L9: #MyntraFashion,#MyntraSale | M9: MyntraFestiveEdit
A10: P009 | B10: Facebook | C10: 2024-08-30 | D10: Text | E10: Explore the latest text on Myntra! Trendy styles await. | F10: 3784 | G10: 808 | H10: 404 | I10: 56760 | J10: 56343 | K10: 131 | L10: #MyntraFashion,#MyntraSale | M10: MyntraFestiveEdit
A11: P010 | B11: Facebook | C11: 2025-03-11 | D11: Image | E11: Explore the latest image on Myntra! Trendy styles await. | F11: 4241 | G11: 902 | H11: 47 | I11: 72097 | J11: 71598 | K11: 167 | L11: #MyntraTrend | M11: StyleRevolution
A12: P011 | B12: Instagram | C12: 2025-02-02 | D12: Story | E12: Explore the latest story on Myntra! Trendy styles await. | F12: 1792 | G12: 614 | H12: 497 | I12: 25088 | J12: 24675 | K12: 65 | L12: #StyleWithMyntra | M12: FashionUpgrade
A13: P012 | B13: Facebook | C13: 2024-07-21 | D13: Reel | E13: Explore the latest reel on Myntra! Trendy styles await. | F13: 1946 | G13: 686 | H13: 377 | I13: 23352 | J13: 22982 | K13: 213 | L13: #StyleWithMyntra,#MyntraSale | M13: MyntraFestiveEdit
A14: P013 | B14: YouTube | C14: 2024-11-18 | D14: Carousel | E14: Explore the latest carousel on Myntra! Trendy styles await. | F14: 1171 | G14: 286 | H14: 231 | I14: 22249 | J14: 21282 | K14: 114 | L14: #MyntraFashion | M14: StyleRevolution
A15: P014 | B15: Facebook | C15: 2025-02-16 | D15: Story | E15: Explore the latest story on Myntra! Trendy styles await. | F15: 4242 | G15: 555 | H15: 131 | I15: 33936 | J15: 33802 | K15: 265 | L15: #MyntraSale,#MyntraFashion | M15: MyntraFestiveEdit
A16: P015 | B16: Facebook | C16: 2024-10-24 | D16: Video | E16: Explore the latest video on Myntra! Trendy styles await. | F16: 3888 | G16: 604 | H16: 128 | I16: 77760 | J16: 77167 | K16: 20 | L16: #MyntraFashion,#FashionDeals | M16: FashionUpgrade
A17: P016 | B17: Facebook | C17: 2024-08-26 | D17: Text | E17: Explore the latest text on Myntra! Trendy styles await. | F17: 3452 | G17: 377 | H17: 360 | I17: 55232 | J17: 55075 | K17: 87 | L17: #MyntraSale,#FashionDeals | M17: MyntraFestiveEdit
... A301: P300 | B301: Twitter | C301: 2024-08-31 | D301: Carousel | E301: Explore the latest carousel on Myntra! Trendy styles await. | F301: 4494 | G301: 717 | H301: 45 | I301: 62916 | J301: 62688 | K301: 191 | L301: #MyntraFashion | M301: FashionUpgrade

Sheet Sheet1

Sheet Engagment Summary 
A1: Week_Start_Date | B1: Platform | C1: New_Followers | D1: Unfollows | E1: Total_Followers | F1: Engagement_Rate | G1: Ad_Spend | H1: Follower_Growth
A2: 45446 | B2: Instagram | C2: 1135 | D2: 88 | E2: 344084 | F2: 8.06 | G2: 5904 | H2: =Engagment_Summary_1[[#This Row],[New_Followers]]-Engagment_Summary_1[[#This Row],[Unfollows]] -> 1047
A3: 45446 | B3: Facebook | C3: 1312 | D3: 310 | E3: 42654 | F3: 4.98 | G3: 9566 | H3: =Engagment_Summary_1[[#This Row],[New_Followers]]-Engagment_Summary_1[[#This Row],[Unfollows]] -> 1002
A4: 45446 | B4: Twitter | C4: 584 | D4: 169 | E4: 146834 | F4: 8.31 | G4: 26752 | H4: =Engagment_Summary_1[[#This Row],[New_Followers]]-Engagment_Summary_1[[#This Row],[Unfollows]] -> 415
A5: 45446 | B5: YouTube | C5: 1535 | D5: 445 | E5: 395536 | F5: 4.11 | G5: 30671 | H5: =Engagment_Summary_1[[#This Row],[New_Followers]]-Engagment_Summary_1[[#This Row],[Unfollows]] -> 1090
A6: 45453 | B6: Instagram | C6: 656 | D6: 139 | E6: 49157 | F6: 9.05 | G6: 9920 | H6: =Engagment_Summary_1[[#This Row],[New_Followers]]-Engagment_Summary_1[[#This Row],[Unfollows]] -> 517 | J6: video link
A7: 45453 | B7: Facebook | C7: 1697 | D7: 414 | E7: 316555 | F7: 2.37 | G7: 7924 | H7: =Engagment_Summary_1[[#This Row],[New_Followers]]-Engagment_Summary_1[[#This Row],[Unfollows]] -> 1283
A8: 45453 | B8: Twitter | C8: 436 | D8: 250 | E8: 254347 | F8: 4.01 | G8: 8912 | H8: =Engagment_Summary_1[[#This Row],[New_Followers]]-Engagment_Summary_1[[#This Row],[Unfollows]] -> 186
A9: 45453 | B9: YouTube | C9: 1197 | D9: 203 | E9: 413878 | F9: 3.16 | G9: 21205 | H9: =Engagment_Summary_1[[#This Row],[New_Followers]]-Engagment_Summary_1[[#This Row],[Unfollows]] -> 994
A10: 45460 | B10: Instagram | C10: 1048 | D10: 155 | E10: 456946 | F10: 2.46 | G10: 11329 | H10: =Engagment_Summary_1[[#This Row],[New_Followers]]-Engagment_Summary_1[[#This Row],[Unfollows]] -> 893
A11: 45460 | B11: Facebook | C11: 1753 | D11: 371 | E11: 169496 | F11: 8.11 | G11: 46670 | H11: =Engagment_Summary_1[[#This Row],[New_Followers]]-Engagment_Summary_1[[#This Row],[Unfollows]] -> 1382
A12: 45460 | B12: Twitter | C12: 1335 | D12: 40 | E12: 122732 | F12: 8.19 | G12: 22482 | H12: =Engagment_Summary_1[[#This Row],[New_Followers]]-Engagment_Summary_1[[#This Row],[Unfollows]] -> 1295
A13: 45460 | B13: YouTube | C13: 403 | D13: 66 | E13: 382851 | F13: 3.49 | G13: 24313 | H13: =Engagment_Summary_1[[#This Row],[New_Followers]]-Engagment_Summary_1[[#This Row],[Unfollows]] -> 337
A14: 45467 | B14: Instagram | C14: 911 | D14: 282 | E14: 35664 | F14: 6.92 | G14: 18050 | H14: =Engagment_Summary_1[[#This Row],[New_Followers]]-Engagment_Summary_1[[#This Row],[Unfollows]] -> 629
A15: 45467 | B15: Facebook | C15: 1779 | D15: 109 | E15: 26295 | F15: 9.12 | G15: 30635 | H15: =Engagment_Summary_1[[#This Row],[New_Followers]]-Engagment_Summary_1[[#This Row],[Unfollows]] -> 1670
A16: 45467 | B16: Twitter | C16: 1238 | D16: 403 | E16: 298421 | F16: 3.5 | G16: 31280 | H16: =Engagment_Summary_1[[#This Row],[New_Followers]]-Engagment_Summary_1[[#This Row],[Unfollows]] -> 835
A17: 45467 | B17: YouTube | C17: 308 | D17: 431 | E17: 426184 | F17: 2.62 | G17: 1783 | H17: =Engagment_Summary_1[[#This Row],[New_Followers]]-Engagment_Summary_1[[#This Row],[Unfollows]] -> -123
A18: 45474 | B18: Instagram | C18: 226 | D18: 445 | E18: 419447 | F18: 9.36 | G18: 9566 | H18: =Engagment_Summary_1[[#This Row],[New_Followers]]-Engagment_Summary_1[[#This Row],[Unfollows]] -> -219
... A201: 45789 | B201: YouTube | C201: 119 | D201: 456 | E201: 82558 | F201: 6.81 | G201: 12174 | H201: =Engagment_Summary_1[[#This Row],[New_Followers]]-Engagment_Summary_1[[#This Row],[Unfollows]] -> -337

Sheet Campaign Data 
A1: Campaign_Name | B1: Start_Date | C1: End_Date | D1: Objective | E1: Total_Budget | F1: Target_Platforms
A2: EndOfSeasonSale | B2: 45453 | C2: 45478 | D2: Seasonal Clearance Promotion | E2: 180000 | F2: Instagram,Facebook
A3: FashionUpgrade | B3: 45505 | C3: 45535 | D3: Customer Engagement | E3: 160000 | F3: Instagram,YouTube
A4: MyntraFestiveEdit | B4: 45570 | C4: 45601 | D4: Festive Collection Launch | E4: 220000 | F4: Facebook,Instagram
A5: StyleRevolution | B5: 45667 | C5: 45698 | D5: Brand Awareness & Growth | E5: 200000 | F5: Instagram,Twitter | H5: video link

Sheet Post
A1: Post ID | B1: Platform | C1: Date | D1: Content Type | E1: Post Text | F1: Likes | G1: Shares | H1: Comments | I1: Impressions | J1: Reach | K1: Clicks | L1: Hashtags Used.1 | M1: Hashtags Used.2 | N1: Hashtags | O1: Campaign_Name | P1: Engagement_Rate | Q1: Total_Engagement | R1: Start_Date | S1: End_Date | T1: Campaign_Phase | V1: Task 1
A2: P001 | B2: Twitter | C2: 45649 | D2: Reel | E2: Explore the latest reel on Myntra! Trendy styles await. | F2: 1461 | G2: 184 | H2: 344 | I2: 21915 | J2: 21675 | K2: 15 | L2: MyntraSale | N2: =_xlfn.TEXTJOIN(",",TRUE,L2,M2) -> MyntraSale | O2: FashionUpgrade | P2: =(Post[[#This Row],[Likes]]+Post[[#This Row],[Shares]]+Post[[#This Row],[Comments]])/Post[[#This Row],[Impressions]] -> 0.090759754 | Q2: =F2+G2+H2 -> 1989 | R2: =_xlfn.XLOOKUP($O2,'Campaign Data '!$A:$A,'Campaign Data '!$B:$B) -> 45505 | S2: =_xlfn.XLOOKUP($O2,'Campaign Data '!$A:$A,'Campaign Data '!$C:$C) -> 45535 | T2: =+IF(AND($C2>=$R2,$C2<=$S2),"During","Before") -> Before
A3: P002 | B3: Twitter | C3: 45750 | D3: Text | E3: Explore the latest text on Myntra! Trendy styles await. | F3: 4054 | G3: 389 | H3: 493 | I3: 64864 | J3: 64383 | K3: 117 | L3: MyntraFashion | N3: =_xlfn.TEXTJOIN(",",TRUE,L3,M3) -> MyntraFashion | O3: EndOfSeasonSale | P3: =(Post[[#This Row],[Likes]]+Post[[#This Row],[Shares]]+Post[[#This Row],[Comments]])/Post[[#This Row],[Impressions]] -> 0.076097681 | Q3: =F3+G3+H3 -> 4936 | R3: =_xlfn.XLOOKUP($O3,'Campaign Data '!$A:$A,'Campaign Data '!$B:$B) -> 45453 | S3: =_xlfn.XLOOKUP($O3,'Campaign Data '!$A:$A,'Campaign Data '!$C:$C) -> 45478 | T3: =+IF(AND($C3>=$R3,$C3<=$S3),"During","Before") -> Before
A4: P003 | B4: YouTube | C4: 45789 | D4: Reel | E4: Explore the latest reel on Myntra! Trendy styles await. | F4: 2795 | G4: 105 | H4: 49 | I4: 53105 | J4: 52307 | K4: 204 | L4: MyntraFashion | M4: MyntraSale | N4: =_xlfn.TEXTJOIN(",",TRUE,L4,M4) -> MyntraFashion,MyntraSale | O4: FashionUpgrade | P4: =(Post[[#This Row],[Likes]]+Post[[#This Row],[Shares]]+Post[[#This Row],[Comments]])/Post[[#This Row],[Impressions]] -> 0.055531494 | Q4: =F4+G4+H4 -> 2949 | R4: =_xlfn.XLOOKUP($O4,'Campaign Data '!$A:$A,'Campaign Data '!$B:$B) -> 45505 | S4: =_xlfn.XLOOKUP($O4,'Campaign Data '!$A:$A,'Campaign Data '!$C:$C) -> 45535 | T4: =+IF(AND($C4>=$R4,$C4<=$S4),"During","Before") -> Before | AB4: video link
A5: P004 | B5: Instagram | C5: 45516 | D5: Story | E5: Explore the latest story on Myntra! Trendy styles await. | F5: 2404 | G5: 363 | H5: 138 | I5: 19232 | J5: 18636 | K5: 128 | L5: MyntraSale | N5: =_xlfn.TEXTJOIN(",",TRUE,L5,M5) -> MyntraSale | O5: FashionUpgrade | P5: =(Post[[#This Row],[Likes]]+Post[[#This Row],[Shares]]+Post[[#This Row],[Comments]])/Post[[#This Row],[Impressions]] -> 0.15105033 | Q5: =F5+G5+H5 -> 2905 | R5: =_xlfn.XLOOKUP($O5,'Campaign Data '!$A:$A,'Campaign Data '!$B:$B) -> 45505 | S5: =_xlfn.XLOOKUP($O5,'Campaign Data '!$A:$A,'Campaign Data '!$C:$C) -> 45535 | T5: =+IF(AND($C5>=$R5,$C5<=$S5),"During","Before") -> During
A6: P005 | B6: YouTube | C6: 45469 | D6: Reel | E6: Explore the latest reel on Myntra! Trendy styles await. | F6: 3557 | G6: 687 | H6: 424 | I6: 71140 | J6: 70701 | K6: 224 | L6: StyleWithMyntra | M6: MyntraFashion | N6: =_xlfn.TEXTJOIN(",",TRUE,L6,M6) -> StyleWithMyntra,MyntraFashion | O6: MyntraFestiveEdit | P6: =(Post[[#This Row],[Likes]]+Post[[#This Row],[Shares]]+Post[[#This Row],[Comments]])/Post[[#This Row],[Impressions]] -> 0.065617093 | Q6: =F6+G6+H6 -> 4668 | R6: =_xlfn.XLOOKUP($O6,'Campaign Data '!$A:$A,'Campaign Data '!$B:$B) -> 45570 | S6: =_xlfn.XLOOKUP($O6,'Campaign Data '!$A:$A,'Campaign Data '!$C:$C) -> 45601 | T6: =+IF(AND($C6>=$R6,$C6<=$S6),"During","Before") -> Before
A7: P006 | B7: Facebook | C7: 45596 | D7: Carousel | E7: Explore the latest carousel on Myntra! Trendy styles await. | F7: 2945 | G7: 930 | H7: 355 | I7: 23560 | J7: 23275 | K7: 256 | L7: MyntraTrend | N7: =_xlfn.TEXTJOIN(",",TRUE,L7,M7) -> MyntraTrend | O7: EndOfSeasonSale | P7: =(Post[[#This Row],[Likes]]+Post[[#This Row],[Shares]]+Post[[#This Row],[Comments]])/Post[[#This Row],[Impressions]] -> 0.1795416 | Q7: =F7+G7+H7 -> 4230 | R7: =_xlfn.XLOOKUP($O7,'Campaign Data '!$A:$A,'Campaign Data '!$B:$B) -> 45453 | S7: =_xlfn.XLOOKUP($O7,'Campaign Data '!$A:$A,'Campaign Data '!$C:$C) -> 45478 | T7: =+IF(AND($C7>=$R7,$C7<=$S7),"During","Before") -> Before
A8: P007 | B8: Twitter | C8: 45467 | D8: Carousel | E8: Explore the latest carousel on Myntra! Trendy styles await. | F8: 3860 | G8: 201 | H8: 279 | I8: 61760 | J8: 61660 | K8: 235 | L8: MyntraTrend | N8: =_xlfn.TEXTJOIN(",",TRUE,L8,M8) -> MyntraTrend | O8: MyntraFestiveEdit | P8: =(Post[[#This Row],[Likes]]+Post[[#This Row],[Shares]]+Post[[#This Row],[Comments]])/Post[[#This Row],[Impressions]] -> 0.070272021 | Q8: =F8+G8+H8 -> 4340 | R8: =_xlfn.XLOOKUP($O8,'Campaign Data '!$A:$A,'Campaign Data '!$B:$B) -> 45570 | S8: =_xlfn.XLOOKUP($O8,'Campaign Data '!$A:$A,'Campaign Data '!$C:$C) -> 45601 | T8: =+IF(AND($C8>=$R8,$C8<=$S8),"During","Before") -> Before
A9: P008 | B9: YouTube | C9: 45486 | D9: Image | E9: Explore the latest image on Myntra! Trendy styles await. | F9: 3929 | G9: 262 | H9: 278 | I9: 43219 | J9: 42841 | K9: 39 | L9: MyntraFashion | M9: MyntraSale | N9: =_xlfn.TEXTJOIN(",",TRUE,L9,M9) -> MyntraFashion,MyntraSale | O9: MyntraFestiveEdit | P9: =(Post[[#This Row],[Likes]]+Post[[#This Row],[Shares]]+Post[[#This Row],[Comments]])/Post[[#This Row],[Impressions]] -> 0.1034036 | Q9: =F9+G9+H9 -> 4469 | R9: =_xlfn.XLOOKUP($O9,'Campaign Data '!$A:$A,'Campaign Data '!$B:$B) -> 45570 | S9: =_xlfn.XLOOKUP($O9,'Campaign Data '!$A:$A,'Campaign Data '!$C:$C) -> 45601 | T9: =+IF(AND($C9>=$R9,$C9<=$S9),"During","Before") -> Before
A10: P009 | B10: Facebook | C10: 45534 | D10: Text | E10: Explore the latest text on Myntra! Trendy styles await. | F10: 3784 | G10: 808 | H10: 404 | I10: 56760 | J10: 56343 | K10: 131 | L10: MyntraFashion | M10: MyntraSale | N10: =_xlfn.TEXTJOIN(",",TRUE,L10,M10) -> MyntraFashion,MyntraSale | O10: MyntraFestiveEdit | P10: =(Post[[#This Row],[Likes]]+Post[[#This Row],[Shares]]+Post[[#This Row],[Comments]])/Post[[#This Row],[Impressions]] -> 0.088019732 | Q10: =F10+G10+H10 -> 4996 | R10: =_xlfn.XLOOKUP($O10,'Campaign Data '!$A:$A,'Campaign Data '!$B:$B) -> 45570 | S10: =_xlfn.XLOOKUP($O10,'Campaign Data '!$A:$A,'Campaign Data '!$C:$C) -> 45601 | T10: =+IF(AND($C10>=$R10,$C10<=$S10),"During","Before") -> Before
A11: P010 | B11: Facebook | C11: 45727 | D11: Image | E11: Explore the latest image on Myntra! Trendy styles await. | F11: 4241 | G11: 902 | H11: 47 | I11: 72097 | J11: 71598 | K11: 167 | L11: MyntraTrend | N11: =_xlfn.TEXTJOIN(",",TRUE,L11,M11) -> MyntraTrend | O11: StyleRevolution | P11: =(Post[[#This Row],[Likes]]+Post[[#This Row],[Shares]]+Post[[#This Row],[Comments]])/Post[[#This Row],[Impressions]] -> 0.071986352 | Q11: =F11+G11+H11 -> 5190 | R11: =_xlfn.XLOOKUP($O11,'Campaign Data '!$A:$A,'Campaign Data '!$B:$B) -> 45667 | S11: =_xlfn.XLOOKUP($O11,'Campaign Data '!$A:$A,'Campaign Data '!$C:$C) -> 45698 | T11: =+IF(AND($C11>=$R11,$C11<=$S11),"During","Before") -> Before
A12: P011 | B12: Instagram | C12: 45690 | D12: Story | E12: Explore the latest story on Myntra! Trendy styles await. | F12: 1792 | G12: 614 | H12: 497 | I12: 25088 | J12: 24675 | K12: 65 | L12: StyleWithMyntra | N12: =_xlfn.TEXTJOIN(",",TRUE,L12,M12) -> StyleWithMyntra | O12: FashionUpgrade | P12: =(Post[[#This Row],[Likes]]+Post[[#This Row],[Shares]]+Post[[#This Row],[Comments]])/Post[[#This Row],[Impressions]] -> 0.11571269 | Q12: =F12+G12+H12 -> 2903 | R12: =_xlfn.XLOOKUP($O12,'Campaign Data '!$A:$A,'Campaign Data '!$B:$B) -> 45505 | S12: =_xlfn.XLOOKUP($O12,'Campaign Data '!$A:$A,'Campaign Data '!$C:$C) -> 45535 | T12: =+IF(AND($C12>=$R12,$C12<=$S12),"During","Before") -> Before
A13: P012 | B13: Facebook | C13: 45494 | D13: Reel | E13: Explore the latest reel on Myntra! Trendy styles await. | F13: 1946 | G13: 686 | H13: 377 | I13: 23352 | J13: 22982 | K13: 213 | L13: StyleWithMyntra | M13: MyntraSale | N13: =_xlfn.TEXTJOIN(",",TRUE,L13,M13) -> StyleWithMyntra,MyntraSale | O13: MyntraFestiveEdit | P13: =(Post[[#This Row],[Likes]]+Post[[#This Row],[Shares]]+Post[[#This Row],[Comments]])/Post[[#This Row],[Impressions]] -> 0.12885406 | Q13: =F13+G13+H13 -> 3009 | R13: =_xlfn.XLOOKUP($O13,'Campaign Data '!$A:$A,'Campaign Data '!$B:$B) -> 45570 | S13: =_xlfn.XLOOKUP($O13,'Campaign Data '!$A:$A,'Campaign Data '!$C:$C) -> 45601 | T13: =+IF(AND($C13>=$R13,$C13<=$S13),"During","Before") -> Before
A14: P013 | B14: YouTube | C14: 45614 | D14: Carousel | E14: Explore the latest carousel on Myntra! Trendy styles await. | F14: 1171 | G14: 286 | H14: 231 | I14: 22249 | J14: 21282 | K14: 114 | L14: MyntraFashion | N14: =_xlfn.TEXTJOIN(",",TRUE,L14,M14) -> MyntraFashion | O14: StyleRevolution | P14: =(Post[[#This Row],[Likes]]+Post[[#This Row],[Shares]]+Post[[#This Row],[Comments]])/Post[[#This Row],[Impressions]] -> 0.075868578 | Q14: =F14+G14+H14 -> 1688 | R14: =_xlfn.XLOOKUP($O14,'Campaign Data '!$A:$A,'Campaign Data '!$B:$B) -> 45667 | S14: =_xlfn.XLOOKUP($O14,'Campaign Data '!$A:$A,'Campaign Data '!$C:$C) -> 45698 | T14: =+IF(AND($C14>=$R14,$C14<=$S14),"During","Before") -> Before | V14: Observed: Duplicate posts Inconsistent date format Mixed platform naming Hashtags bundled together Actions taken: Removed duplicates Standardized formats Cleaned numeric fields Split hashtags into individual tags Result: A trustworthy dataset ready for analysis
A15: P014 | B15: Facebook | C15: 45704 | D15: Story | E15: Explore the latest story on Myntra! Trendy styles await. | F15: 4242 | G15: 555 | H15: 131 | I15: 33936 | J15: 33802 | K15: 265 | L15: MyntraSale | M15: MyntraFashion | N15: =_xlfn.TEXTJOIN(",",TRUE,L15,M15) -> MyntraSale,MyntraFashion | O15: MyntraFestiveEdit | P15: =(Post[[#This Row],[Likes]]+Post[[#This Row],[Shares]]+Post[[#This Row],[Comments]])/Post[[#This Row],[Impressions]] -> 0.14521452 | Q15: =F15+G15+H15 -> 4928 | R15: =_xlfn.XLOOKUP($O15,'Campaign Data '!$A:$A,'Campaign Data '!$B:$B) -> 45570 | S15: =_xlfn.XLOOKUP($O15,'Campaign Data '!$A:$A,'Campaign Data '!$C:$C) -> 45601 | T15: =+IF(AND($C15>=$R15,$C15<=$S15),"During","Before") -> Before
A16: P015 | B16: Facebook | C16: 45589 | D16: Video | E16: Explore the latest video on Myntra! Trendy styles await. | F16: 3888 | G16: 604 | H16: 128 | I16: 77760 | J16: 77167 | K16: 20 | L16: MyntraFashion | M16: FashionDeals | N16: =_xlfn.TEXTJOIN(",",TRUE,L16,M16) -> MyntraFashion,FashionDeals | O16: FashionUpgrade | P16: =(Post[[#This Row],[Likes]]+Post[[#This Row],[Shares]]+Post[[#This Row],[Comments]])/Post[[#This Row],[Impressions]] -> 0.05941358 | Q16: =F16+G16+H16 -> 4620 | R16: =_xlfn.XLOOKUP($O16,'Campaign Data '!$A:$A,'Campaign Data '!$B:$B) -> 45505 | S16: =_xlfn.XLOOKUP($O16,'Campaign Data '!$A:$A,'Campaign Data '!$C:$C) -> 45535 | T16: =+IF(AND($C16>=$R16,$C16<=$S16),"During","Before") -> Before
A17: P016 | B17: Facebook | C17: 45530 | D17: Text | E17: Explore the latest text on Myntra! Trendy styles await. | F17: 3452 | G17: 377 | H17: 360 | I17: 55232 | J17: 55075 | K17: 87 | L17: MyntraSale | M17: FashionDeals | N17: =_xlfn.TEXTJOIN(",",TRUE,L17,M17) -> MyntraSale,FashionDeals | O17: MyntraFestiveEdit | P17: =(Post[[#This Row],[Likes]]+Post[[#This Row],[Shares]]+Post[[#This Row],[Comments]])/Post[[#This Row],[Impressions]] -> 0.075843714 | Q17: =F17+G17+H17 -> 4189 | R17: =_xlfn.XLOOKUP($O17,'Campaign Data '!$A:$A,'Campaign Data '!$B:$B) -> 45570 | S17: =_xlfn.XLOOKUP($O17,'Campaign Data '!$A:$A,'Campaign Data '!$C:$C) -> 45601 | T17: =+IF(AND($C17>=$R17,$C17<=$S17),"During","Before") -> Before
A18: P017 | B18: Facebook | C18: 45782 | D18: Text | E18: Explore the latest text on Myntra! Trendy styles await. | F18: 4441 | G18: 511 | H18: 70 | I18: 53292 | J18: 53082 | K18: 159 | L18: FashionDeals | N18: =_xlfn.TEXTJOIN(",",TRUE,L18,M18) -> FashionDeals | O18: MyntraFestiveEdit | P18: =(Post[[#This Row],[Likes]]+Post[[#This Row],[Shares]]+Post[[#This Row],[Comments]])/Post[[#This Row],[Impressions]] -> 0.094235533 | Q18: =F18+G18+H18 -> 5022 | R18: =_xlfn.XLOOKUP($O18,'Campaign Data '!$A:$A,'Campaign Data '!$B:$B) -> 45570 | S18: =_xlfn.XLOOKUP($O18,'Campaign Data '!$A:$A,'Campaign Data '!$C:$C) -> 45601 | T18: =+IF(AND($C18>=$R18,$C18<=$S18),"During","Before") -> Before
A19: P018 | B19: Instagram | C19: 45523 | D19: Reel | E19: Explore the latest reel on Myntra! Trendy styles await. | F19: 3000 | G19: 382 | H19: 325 | I19: 36000 | J19: 35819 | K19: 19 | L19: StyleWithMyntra | N19: =_xlfn.TEXTJOIN(",",TRUE,L19,M19) -> StyleWithMyntra | O19: EndOfSeasonSale | P19: =(Post[[#This Row],[Likes]]+Post[[#This Row],[Shares]]+Post[[#This Row],[Comments]])/Post[[#This Row],[Impressions]] -> 0.10297222 | Q19: =F19+G19+H19 -> 3707 | R19: =_xlfn.XLOOKUP($O19,'Campaign Data '!$A:$A,'Campaign Data '!$B:$B) -> 45453 | S19: =_xlfn.XLOOKUP($O19,'Campaign Data '!$A:$A,'Campaign Data '!$C:$C) -> 45478 | T19: =+IF(AND($C19>=$R19,$C19<=$S19),"During","Before") -> Before
A20: P019 | B20: Instagram | C20: 45466 | D20: Video | E20: Explore the latest video on Myntra! Trendy styles await. | F20: 1071 | G20: 519 | H20: 22 | I20: 16065 | J20: 15865 | K20: 103 | L20: MyntraSale | M20: StyleWithMyntra | N20: =_xlfn.TEXTJOIN(",",TRUE,L20,M20) -> MyntraSale,StyleWithMyntra | O20: MyntraFestiveEdit | P20: =(Post[[#This Row],[Likes]]+Post[[#This Row],[Shares]]+Post[[#This Row],[Comments]])/Post[[#This Row],[Impressions]] -> 0.10034236 | Q20: =F20+G20+H20 -> 1612 | R20: =_xlfn.XLOOKUP($O20,'Campaign Data '!$A:$A,'Campaign Data '!$B:$B) -> 45570 | S20: =_xlfn.XLOOKUP($O20,'Campaign Data '!$A:$A,'Campaign Data '!$C:$C) -> 45601 | T20: =+IF(AND($C20>=$R20,$C20<=$S20),"During","Before") -> Before
A21: P020 | B21: Instagram | C21: 45544 | D21: Carousel | E21: Explore the latest carousel on Myntra! Trendy styles await. | F21: 4054 | G21: 488 | H21: 373 | I21: 77026 | J21: 76881 | K21: 25 | L21: MyntraFashion | M21: MyntraSale | N21: =_xlfn.TEXTJOIN(",",TRUE,L21,M21) -> MyntraFashion,MyntraSale | O21: MyntraFestiveEdit | P21: =(Post[[#This Row],[Likes]]+Post[[#This Row],[Shares]]+Post[[#This Row],[Comments]])/Post[[#This Row],[Impressions]] -> 0.063809623 | Q21: =F21+G21+H21 -> 4915 | R21: =_xlfn.XLOOKUP($O21,'Campaign Data '!$A:$A,'Campaign Data '!$B:$B) -> 45570 | S21: =_xlfn.XLOOKUP($O21,'Campaign Data '!$A:$A,'Campaign Data '!$C:$C) -> 45601 | T21: =+IF(AND($C21>=$R21,$C21<=$S21),"During","Before") -> Before
A22: P021 | B22: Instagram | C22: 45661 | D22: Reel | E22: Explore the latest reel on Myntra! Trendy styles await. | F22: 4838 | G22: 640 | H22: 128 | I22: 72570 | J22: 72396 | K22: 83 | L22: StyleWithMyntra | M22: MyntraTrend | N22: =_xlfn.TEXTJOIN(",",TRUE,L22,M22) -> StyleWithMyntra,MyntraTrend | O22: MyntraFestiveEdit | P22: =(Post[[#This Row],[Likes]]+Post[[#This Row],[Shares]]+Post[[#This Row],[Comments]])/Post[[#This Row],[Impressions]] -> 0.077249552 | Q22: =F22+G22+H22 -> 5606 | R22: =_xlfn.XLOOKUP($O22,'Campaign Data '!$A:$A,'Campaign Data '!$B:$B) -> 45570 | S22: =_xlfn.XLOOKUP($O22,'Campaign Data '!$A:$A,'Campaign Data '!$C:$C) -> 45601 | T22: =+IF(AND($C22>=$R22,$C22<=$S22),"During","Before") -> Before
A23: P022 | B23: Facebook | C23: 45715 | D23: Text | E23: Explore the latest text on Myntra! Trendy styles await. | F23: 1570 | G23: 187 | H23: 260 | I23: 25120 | J23: 24613 | K23: 133 | L23: MyntraSale | N23: =_xlfn.TEXTJOIN(",",TRUE,L23,M23) -> MyntraSale | O23: StyleRevolution | P23: =(Post[[#This Row],[Likes]]+Post[[#This Row],[Shares]]+Post[[#This Row],[Comments]])/Post[[#This Row],[Impressions]] -> 0.080294586 | Q23: =F23+G23+H23 -> 2017 | R23: =_xlfn.XLOOKUP($O23,'Campaign Data '!$A:$A,'Campaign Data '!$B:$B) -> 45667 | S23: =_xlfn.XLOOKUP($O23,'Campaign Data '!$A:$A,'Campaign Data '!$C:$C) -> 45698 | T23: =+IF(AND($C23>=$R23,$C23<=$S23),"During","Before") -> Before
A24: P023 | B24: Facebook | C24: 45602 | D24: Video | E24: Explore the latest video on Myntra! Trendy styles await. | F24: 1606 | G24: 547 | H24: 316 | I24: 32120 | J24: 31736 | K24: 225 | L24: MyntraSale | N24: =_xlfn.TEXTJOIN(",",TRUE,L24,M24) -> MyntraSale | O24: MyntraFestiveEdit | P24: =(Post[[#This Row],[Likes]]+Post[[#This Row],[Shares]]+Post[[#This Row],[Comments]])/Post[[#This Row],[Impressions]] -> 0.076867995 | Q24: =F24+G24+H24 -> 2469 | R24: =_xlfn.XLOOKUP($O24,'Campaign Data '!$A:$A,'Campaign Data '!$B:$B) -> 45570 | S24: =_xlfn.XLOOKUP($O24,'Campaign Data '!$A:$A,'Campaign Data '!$C:$C) -> 45601 | T24: =+IF(AND($C24>=$R24,$C24<=$S24),"During","Before") -> Before
A25: P024 | B25: Facebook | C25: 45680 | D25: Video | E25: Explore the latest video on Myntra! Trendy styles await. | F25: 3961 | G25: 761 | H25: 131 | I25: 67337 | J25: 66615 | K25: 161 | L25: MyntraTrend | N25: =_xlfn.TEXTJOIN(",",TRUE,L25,M25) -> MyntraTrend | O25: EndOfSeasonSale | P25: =(Post[[#This Row],[Likes]]+Post[[#This Row],[Shares]]+Post[[#This Row],[Comments]])/Post[[#This Row],[Impressions]] -> 0.072070333 | Q25: =F25+G25+H25 -> 4853 | R25: =_xlfn.XLOOKUP($O25,'Campaign Data '!$A:$A,'Campaign Data '!$B:$B) -> 45453 | S25: =_xlfn.XLOOKUP($O25,'Campaign Data '!$A:$A,'Campaign Data '!$C:$C) -> 45478 | T25: =+IF(AND($C25>=$R25,$C25<=$S25),"During","Before") -> Before
A26: P025 | B26: Twitter | C26: 45757 | D26: Carousel | E26: Explore the latest carousel on Myntra! Trendy styles await. | F26: 3128 | G26: 211 | H26: 197 | I26: 59432 | J26: 59182 | K26: 238 | L26: StyleWithMyntra | M26: MyntraSale | N26: =_xlfn.TEXTJOIN(",",TRUE,L26,M26) -> StyleWithMyntra,MyntraSale | O26: FashionUpgrade | P26: =(Post[[#This Row],[Likes]]+Post[[#This Row],[Shares]]+Post[[#This Row],[Comments]])/Post[[#This Row],[Impressions]] -> 0.059496568 | Q26: =F26+G26+H26 -> 3536 | R26: =_xlfn.XLOOKUP($O26,'Campaign Data '!$A:$A,'Campaign Data '!$B:$B) -> 45505 | S26: =_xlfn.XLOOKUP($O26,'Campaign Data '!$A:$A,'Campaign Data '!$C:$C) -> 45535 | T26: =+IF(AND($C26>=$R26,$C26<=$S26),"During","Before") -> Before
A27: P026 | B27: YouTube | C27: 45752 | D27: Reel | E27: Explore the latest reel on Myntra! Trendy styles await. | F27: 3009 | G27: 413 | H27: 358 | I27: 42126 | J27: 41309 | K27: 211 | L27: MyntraSale | N27: =_xlfn.TEXTJOIN(",",TRUE,L27,M27) -> MyntraSale | O27: EndOfSeasonSale | P27: =(Post[[#This Row],[Likes]]+Post[[#This Row],[Shares]]+Post[[#This Row],[Comments]])/Post[[#This Row],[Impressions]] -> 0.089730808 | Q27: =F27+G27+H27 -> 3780 | R27: =_xlfn.XLOOKUP($O27,'Campaign Data '!$A:$A,'Campaign Data '!$B:$B) -> 45453 | S27: =_xlfn.XLOOKUP($O27,'Campaign Data '!$A:$A,'Campaign Data '!$C:$C) -> 45478 | T27: =+IF(AND($C27>=$R27,$C27<=$S27),"During","Before") -> Before
A28: P027 | B28: YouTube | C28: 45552 | D28: Text | E28: Explore the latest text on Myntra! Trendy styles await. | F28: 2076 | G28: 195 | H28: 104 | I28: 33216 | J28: 32244 | K28: 51 | L28: MyntraTrend | N28: =_xlfn.TEXTJOIN(",",TRUE,L28,M28) -> MyntraTrend | O28: StyleRevolution | P28: =(Post[[#This Row],[Likes]]+Post[[#This Row],[Shares]]+Post[[#This Row],[Comments]])/Post[[#This Row],[Impressions]] -> 0.071501686 | Q28: =F28+G28+H28 -> 2375 | R28: =_xlfn.XLOOKUP($O28,'Campaign Data '!$A:$A,'Campaign Data '!$B:$B) -> 45667 | S28: =_xlfn.XLOOKUP($O28,'Campaign Data '!$A:$A,'Campaign Data '!$C:$C) -> 45698 | T28: =+IF(AND($C28>=$R28,$C28<=$S28),"During","Before") -> Before
A29: P028 | B29: Instagram | C29: 45720 | D29: Video | E29: Explore the latest video on Myntra! Trendy styles await. | F29: 432 | G29: 624 | H29: 123 | I29: 6912 | J29: 6259 | K29: 79 | L29: MyntraSale | M29: MyntraTrend | N29: =_xlfn.TEXTJOIN(",",TRUE,L29,M29) -> MyntraSale,MyntraTrend | O29: EndOfSeasonSale | P29: =(Post[[#This Row],[Likes]]+Post[[#This Row],[Shares]]+Post[[#This Row],[Comments]])/Post[[#This Row],[Impressions]] -> 0.17057292 | Q29: =F29+G29+H29 -> 1179 | R29: =_xlfn.XLOOKUP($O29,'Campaign Data '!$A:$A,'Campaign Data '!$B:$B) -> 45453 | S29: =_xlfn.XLOOKUP($O29,'Campaign Data '!$A:$A,'Campaign Data '!$C:$C) -> 45478 | T29: =+IF(AND($C29>=$R29,$C29<=$S29),"During","Before") -> Before
A30: P029 | B30: Instagram | C30: 45688 | D30: Carousel | E30: Explore the latest carousel on Myntra! Trendy styles await. | F30: 2566 | G30: 118 | H30: 37 | I30: 12830 | J30: 12264 | K30: 221 | L30: MyntraTrend | M30: MyntraFashion | N30: =_xlfn.TEXTJOIN(",",TRUE,L30,M30) -> MyntraTrend,MyntraFashion | O30: MyntraFestiveEdit | P30: =(Post[[#This Row],[Likes]]+Post[[#This Row],[Shares]]+Post[[#This Row],[Comments]])/Post[[#This Row],[Impressions]] -> 0.21208106 | Q30: =F30+G30+H30 -> 2721 | R30: =_xlfn.XLOOKUP($O30,'Campaign Data '!$A:$A,'Campaign Data '!$B:$B) -> 45570 | S30: =_xlfn.XLOOKUP($O30,'Campaign Data '!$A:$A,'Campaign Data '!$C:$C) -> 45601 | T30: =+IF(AND($C30>=$R30,$C30<=$S30),"During","Before") -> Before
A31: P030 | B31: Instagram | C31: 45713 | D31: Video | E31: Explore the latest video on Myntra! Trendy styles await. | F31: 3095 | G31: 39 | H31: 78 | I31: 55710 | J31: 54808 | K31: 93 | L31: MyntraSale | N31: =_xlfn.TEXTJOIN(",",TRUE,L31,M31) -> MyntraSale | O31: StyleRevolution | P31: =(Post[[#This Row],[Likes]]+Post[[#This Row],[Shares]]+Post[[#This Row],[Comments]])/Post[[#This Row],[Impressions]] -> 0.057655717 | Q31: =F31+G31+H31 -> 3212 | R31: =_xlfn.XLOOKUP($O31,'Campaign Data '!$A:$A,'Campaign Data '!$B:$B) -> 45667 | S31: =_xlfn.XLOOKUP($O31,'Campaign Data '!$A:$A,'Campaign Data '!$C:$C) -> 45698 | T31: =+IF(AND($C31>=$R31,$C31<=$S31),"During","Before") -> Before
A32: P031 | B32: Instagram | C32: 45642 | D32: Text | E32: Explore the latest text on Myntra! Trendy styles await. | F32: 438 | G32: 153 | H32: 275 | I32: 3066 | J32: 2701 | K32: 282 | L32: MyntraTrend | N32: =_xlfn.TEXTJOIN(",",TRUE,L32,M32) -> MyntraTrend | O32: StyleRevolution | P32: =(Post[[#This Row],[Likes]]+Post[[#This Row],[Shares]]+Post[[#This Row],[Comments]])/Post[[#This Row],[Impressions]] -> 0.28245271 | Q32: =F32+G32+H32 -> 866 | R32: =_xlfn.XLOOKUP($O32,'Campaign Data '!$A:$A,'Campaign Data '!$B:$B) -> 45667 | S32: =_xlfn.XLOOKUP($O32,'Campaign Data '!$A:$A,'Campaign Data '!$C:$C) -> 45698 | T32: =+IF(AND($C32>=$R32,$C32<=$S32),"During","Before") -> Before
A33: P032 | B33: Twitter | C33: 45504 | D33: Carousel | E33: Explore the latest carousel on Myntra! Trendy styles await. | F33: 2278 | G33: 10 | H33: 321 | I33: 13668 | J33: 12676 | K33: 275 | L33: MyntraTrend | M33: MyntraFashion | N33: =_xlfn.TEXTJOIN(",",TRUE,L33,M33) -> MyntraTrend,MyntraFashion | O33: StyleRevolution | P33: =(Post[[#This Row],[Likes]]+Post[[#This Row],[Shares]]+Post[[#This Row],[Comments]])/Post[[#This Row],[Impressions]] -> 0.19088382 | Q33: =F33+G33+H33 -> 2609 | R33: =_xlfn.XLOOKUP($O33,'Campaign Data '!$A:$A,'Campaign Data '!$B:$B) -> 45667 | S33: =_xlfn.XLOOKUP($O33,'Campaign Data '!$A:$A,'Campaign Data '!$C:$C) -> 45698 | T33: =+IF(AND($C33>=$R33,$C33<=$S33),"During","Before") -> Before
A34: P033 | B34: Facebook | C34: 45525 | D34: Image | E34: Explore the latest image on Myntra! Trendy styles await. | F34: 1407 | G34: 400 | H34: 351 | I34: 16884 | J34: 15954 | K34: 113 | L34: MyntraFashion | M34: FashionDeals | N34: =_xlfn.TEXTJOIN(",",TRUE,L34,M34) -> MyntraFashion,FashionDeals | O34: MyntraFestiveEdit | P34: =(Post[[#This Row],[Likes]]+Post[[#This Row],[Shares]]+Post[[#This Row],[Comments]])/Post[[#This Row],[Impressions]] -> 0.12781331 | Q34: =F34+G34+H34 -> 2158 | R34: =_xlfn.XLOOKUP($O34,'Campaign Data '!$A:$A,'Campaign Data '!$B:$B) -> 45570 | S34: =_xlfn.XLOOKUP($O34,'Campaign Data '!$A:$A,'Campaign Data '!$C:$C) -> 45601 | T34: =+IF(AND($C34>=$R34,$C34<=$S34),"During","Before") -> Before
A35: P034 | B35: Facebook | C35: 45742 | D35: Text | E35: Explore the latest text on Myntra! Trendy styles await. | F35: 1652 | G35: 89 | H35: 357 | I35: 29736 | J35: 28771 | K35: 215 | L35: MyntraTrend | M35: FashionDeals | N35: =_xlfn.TEXTJOIN(",",TRUE,L35,M35) -> MyntraTrend,FashionDeals | O35: EndOfSeasonSale | P35: =(Post[[#This Row],[Likes]]+Post[[#This Row],[Shares]]+Post[[#This Row],[Comments]])/Post[[#This Row],[Impressions]] -> 0.07055421 | Q35: =F35+G35+H35 -> 2098 | R35: =_xlfn.XLOOKUP($O35,'Campaign Data '!$A:$A,'Campaign Data '!$B:$B) -> 45453 | S35: =_xlfn.XLOOKUP($O35,'Campaign Data '!$A:$A,'Campaign Data '!$C:$C) -> 45478 | T35: =+IF(AND($C35>=$R35,$C35<=$S35),"During","Before") -> Before
A36: P035 | B36: Instagram | C36: 45626 | D36: Video | E36: Explore the latest video on Myntra! Trendy styles await. | F36: 3775 | G36: 16 | H36: 239 | I36: 33975 | J36: 33310 | K36: 271 | L36: StyleWithMyntra | M36: MyntraSale | N36: =_xlfn.TEXTJOIN(",",TRUE,L36,M36) -> StyleWithMyntra,MyntraSale | O36: MyntraFestiveEdit | P36: =(Post[[#This Row],[Likes]]+Post[[#This Row],[Shares]]+Post[[#This Row],[Comments]])/Post[[#This Row],[Impressions]] -> 0.11861663 | Q36: =F36+G36+H36 -> 4030 | R36: =_xlfn.XLOOKUP($O36,'Campaign Data '!$A:$A,'Campaign Data '!$B:$B) -> 45570 | S36: =_xlfn.XLOOKUP($O36,'Campaign Data '!$A:$A,'Campaign Data '!$C:$C) -> 45601 | T36: =+IF(AND($C36>=$R36,$C36<=$S36),"During","Before") -> Before
A37: P036 | B37: Instagram | C37: 45766 | D37: Story | E37: Explore the latest story on Myntra! Trendy styles await. | F37: 4518 | G37: 285 | H37: 383 | I37: 67770 | J37: 67621 | K37: 31 | L37: FashionDeals | N37: =_xlfn.TEXTJOIN(",",TRUE,L37,M37) -> FashionDeals | O37: EndOfSeasonSale | P37: =(Post[[#This Row],[Likes]]+Post[[#This Row],[Shares]]+Post[[#This Row],[Comments]])/Post[[#This Row],[Impressions]] -> 0.076523535 | Q37: =F37+G37+H37 -> 5186 | R37: =_xlfn.XLOOKUP($O37,'Campaign Data '!$A:$A,'Campaign Data '!$B:$B) -> 45453 | S37: =_xlfn.XLOOKUP($O37,'Campaign Data '!$A:$A,'Campaign Data '!$C:$C) -> 45478 | T37: =+IF(AND($C37>=$R37,$C37<=$S37),"During","Before") -> Before
A38: P037 | B38: Facebook | C38: 45663 | D38: Carousel | E38: Explore the latest carousel on Myntra! Trendy styles await. | F38: 3024 | G38: 925 | H38: 350 | I38: 24192 | J38: 23518 | K38: 36 | L38: MyntraSale | N38: =_xlfn.TEXTJOIN(",",TRUE,L38,M38) -> MyntraSale | O38: MyntraFestiveEdit | P38: =(Post[[#This Row],[Likes]]+Post[[#This Row],[Shares]]+Post[[#This Row],[Comments]])/Post[[#This Row],[Impressions]] -> 0.17770337 | Q38: =F38+G38+H38 -> 4299 | R38: =_xlfn.XLOOKUP($O38,'Campaign Data '!$A:$A,'Campaign Data '!$B:$B) -> 45570 | S38: =_xlfn.XLOOKUP($O38,'Campaign Data '!$A:$A,'Campaign Data '!$C:$C) -> 45601 | T38: =+IF(AND($C38>=$R38,$C38<=$S38),"During","Before") -> Before
A39: P038 | B39: YouTube | C39: 45705 | D39: Reel | E39: Explore the latest reel on Myntra! Trendy styles await. | F39: 3138 | G39: 123 | H39: 291 | I39: 28242 | J39: 27550 | K39: 87 | L39: FashionDeals | N39: =_xlfn.TEXTJOIN(",",TRUE,L39,M39) -> FashionDeals | O39: StyleRevolution | P39: =(Post[[#This Row],[Likes]]+Post[[#This Row],[Shares]]+Post[[#This Row],[Comments]])/Post[[#This Row],[Impressions]] -> 0.12577013 | Q39: =F39+G39+H39 -> 3552 | R39: =_xlfn.XLOOKUP($O39,'Campaign Data '!$A:$A,'Campaign Data '!$B:$B) -> 45667 | S39: =_xlfn.XLOOKUP($O39,'Campaign Data '!$A:$A,'Campaign Data '!$C:$C) -> 45698 | T39: =+IF(AND($C39>=$R39,$C39<=$S39),"During","Before") -> Before
A40: P039 | B40: Facebook | C40: 45621 | D40: Image | E40: Explore the latest image on Myntra! Trendy styles await. | F40: 3564 | G40: 629 | H40: 177 | I40: 60588 | J40: 59627 | K40: 92 | L40: FashionDeals | M40: MyntraSale | N40: =_xlfn.TEXTJOIN(",",TRUE,L40,M40) -> FashionDeals,MyntraSale | O40: MyntraFestiveEdit | P40: =(Post[[#This Row],[Likes]]+Post[[#This Row],[Shares]]+Post[[#This Row],[Comments]])/Post[[#This Row],[Impressions]] -> 0.072126494 | Q40: =F40+G40+H40 -> 4370 | R40: =_xlfn.XLOOKUP($O40,'Campaign Data '!$A:$A,'Campaign Data '!$B:$B) -> 45570 | S40: =_xlfn.XLOOKUP($O40,'Campaign Data '!$A:$A,'Campaign Data '!$C:$C) -> 45601 | T40: =+IF(AND($C40>=$R40,$C40<=$S40),"During","Before") -> Before
A41: P040 | B41: Twitter | C41: 45723 | D41: Image | E41: Explore the latest image on Myntra! Trendy styles await. | F41: 4750 | G41: 151 | H41: 415 | I41: 38000 | J41: 37792 | K41: 299 | L41: StyleWithMyntra | M41: MyntraSale | N41: =_xlfn.TEXTJOIN(",",TRUE,L41,M41) -> StyleWithMyntra,MyntraSale | O41: EndOfSeasonSale | P41: =(Post[[#This Row],[Likes]]+Post[[#This Row],[Shares]]+Post[[#This Row],[Comments]])/Post[[#This Row],[Impressions]] -> 0.13989474 | Q41: =F41+G41+H41 -> 5316 | R41: =_xlfn.XLOOKUP($O41,'Campaign Data '!$A:$A,'Campaign Data '!$B:$B) -> 45453 | S41: =_xlfn.XLOOKUP($O41,'Campaign Data '!$A:$A,'Campaign Data '!$C:$C) -> 45478 | T41: =+IF(AND($C41>=$R41,$C41<=$S41),"During","Before") -> Before
A42: P041 | B42: Instagram | C42: 45724 | D42: Reel | E42: Explore the latest reel on Myntra! Trendy styles await. | F42: 456 | G42: 629 | H42: 428 | I42: 8208 | J42: 7377 | K42: 205 | L42: MyntraSale | M42: FashionDeals | N42: =_xlfn.TEXTJOIN(",",TRUE,L42,M42) -> MyntraSale,FashionDeals | O42: MyntraFestiveEdit | P42: =(Post[[#This Row],[Likes]]+Post[[#This Row],[Shares]]+Post[[#This Row],[Comments]])/Post[[#This Row],[Impressions]] -> 0.18433236 | Q42: =F42+G42+H42 -> 1513 | R42: =_xlfn.XLOOKUP($O42,'Campaign Data '!$A:$A,'Campaign Data '!$B:$B) -> 45570 | S42: =_xlfn.XLOOKUP($O42,'Campaign Data '!$A:$A,'Campaign Data '!$C:$C) -> 45601 | T42: =+IF(AND($C42>=$R42,$C42<=$S42),"During","Before") -> Before
A43: P042 | B43: YouTube | C43: 45721 | D43: Reel | E43: Explore the latest reel on Myntra! Trendy styles await. | F43: 1543 | G43: 820 | H43: 333 | I43: 12344 | J43: 11496 | K43: 241 | L43: StyleWithMyntra | N43: =_xlfn.TEXTJOIN(",",TRUE,L43,M43) -> StyleWithMyntra | O43: MyntraFestiveEdit | P43: =(Post[[#This Row],[Likes]]+Post[[#This Row],[Shares]]+Post[[#This Row],[Comments]])/Post[[#This Row],[Impressions]] -> 0.2184057 | Q43: =F43+G43+H43 -> 2696 | R43: =_xlfn.XLOOKUP($O43,'Campaign Data '!$A:$A,'Campaign Data '!$B:$B) -> 45570 | S43: =_xlfn.XLOOKUP($O43,'Campaign Data '!$A:$A,'Campaign Data '!$C:$C) -> 45601 | T43: =+IF(AND($C43>=$R43,$C43<=$S43),"During","Before") -> Before
A44: P043 | B44: Instagram | C44: 45640 | D44: Carousel | E44: Explore the latest carousel on Myntra! Trendy styles await. | F44: 2174 | G44: 658 | H44: 15 | I44: 13044 | J44: 12206 | K44: 137 | L44: MyntraSale | M44: MyntraFashion | N44: =_xlfn.TEXTJOIN(",",TRUE,L44,M44) -> MyntraSale,MyntraFashion | O44: StyleRevolution | P44: =(Post[[#This Row],[Likes]]+Post[[#This Row],[Shares]]+Post[[#This Row],[Comments]])/Post[[#This Row],[Impressions]] -> 0.21826127 | Q44: =F44+G44+H44 -> 2847 | R44: =_xlfn.XLOOKUP($O44,'Campaign Data '!$A:$A,'Campaign Data '!$B:$B) -> 45667 | S44: =_xlfn.XLOOKUP($O44,'Campaign Data '!$A:$A,'Campaign Data '!$C:$C) -> 45698 | T44: =+IF(AND($C44>=$R44,$C44<=$S44),"During","Before") -> Before
A45: P044 | B45: Twitter | C45: 45718 | D45: Image | E45: Explore the latest image on Myntra! Trendy styles await. | F45: 2358 | G45: 784 | H45: 344 | I45: 35370 | J45: 34475 | K45: 216 | L45: MyntraSale | M45: StyleWithMyntra | N45: =_xlfn.TEXTJOIN(",",TRUE,L45,M45) -> MyntraSale,StyleWithMyntra | O45: FashionUpgrade | P45: =(Post[[#This Row],[Likes]]+Post[[#This Row],[Shares]]+Post[[#This Row],[Comments]])/Post[[#This Row],[Impressions]] -> 0.0985581 | Q45: =F45+G45+H45 -> 3486 | R45: =_xlfn.XLOOKUP($O45,'Campaign Data '!$A:$A,'Campaign Data '!$B:$B) -> 45505 | S45: =_xlfn.XLOOKUP($O45,'Campaign Data '!$A:$A,'Campaign Data '!$C:$C) -> 45535 | T45: =+IF(AND($C45>=$R45,$C45<=$S45),"During","Before") -> Before
A46: P045 | B46: Facebook | C46: 45597 | D46: Video | E46: Explore the latest video on Myntra! Trendy styles await. | F46: 3371 | G46: 106 | H46: 327 | I46: 50565 | J46: 49816 | K46: 176 | L46: FashionDeals | N46: =_xlfn.TEXTJOIN(",",TRUE,L46,M46) -> FashionDeals | O46: StyleRevolution | P46: =(Post[[#This Row],[Likes]]+Post[[#This Row],[Shares]]+Post[[#This Row],[Comments]])/Post[[#This Row],[Impressions]] -> 0.075229902 | Q46: =F46+G46+H46 -> 3804 | R46: =_xlfn.XLOOKUP($O46,'Campaign Data '!$A:$A,'Campaign Data '!$B:$B) -> 45667 | S46: =_xlfn.XLOOKUP($O46,'Campaign Data '!$A:$A,'Campaign Data '!$C:$C) -> 45698 | T46: =+IF(AND($C46>=$R46,$C46<=$S46),"During","Before") -> Before
A47: P046 | B47: Twitter | C47: 45779 | D47: Video | E47: Explore the latest video on Myntra! Trendy styles await. | F47: 1108 | G47: 177 | H47: 212 | I47: 8864 | J47: 8710 | K47: 97 | L47: MyntraFashion | N47: =_xlfn.TEXTJOIN(",",TRUE,L47,M47) -> MyntraFashion | O47: StyleRevolution | P47: =(Post[[#This Row],[Likes]]+Post[[#This Row],[Shares]]+Post[[#This Row],[Comments]])/Post[[#This Row],[Impressions]] -> 0.16888538 | Q47: =F47+G47+H47 -> 1497 | R47: =_xlfn.XLOOKUP($O47,'Campaign Data '!$A:$A,'Campaign Data '!$B:$B) -> 45667 | S47: =_xlfn.XLOOKUP($O47,'Campaign Data '!$A:$A,'Campaign Data '!$C:$C) -> 45698 | T47: =+IF(AND($C47>=$R47,$C47<=$S47),"During","Before") -> Before
A48: P047 | B48: Twitter | C48: 45712 | D48: Carousel | E48: Explore the latest carousel on Myntra! Trendy styles await. | F48: 2704 | G48: 752 | H48: 153 | I48: 21632 | J48: 20792 | K48: 127 | L48: FashionDeals | M48: MyntraFashion | N48: =_xlfn.TEXTJOIN(",",TRUE,L48,M48) -> FashionDeals,MyntraFashion | O48: FashionUpgrade | P48: =(Post[[#This Row],[Likes]]+Post[[#This Row],[Shares]]+Post[[#This Row],[Comments]])/Post[[#This Row],[Impressions]] -> 0.16683617 | Q48: =F48+G48+H48 -> 3609 | R48: =_xlfn.XLOOKUP($O48,'Campaign Data '!$A:$A,'Campaign Data '!$B:$B) -> 45505 | S48: =_xlfn.XLOOKUP($O48,'Campaign Data '!$A:$A,'Campaign Data '!$C:$C) -> 45535 | T48: =+IF(AND($C48>=$R48,$C48<=$S48),"During","Before") -> Before
A49: P048 | B49: Twitter | C49: 45727 | D49: Story | E49: Explore the latest story on Myntra! Trendy styles await. | F49: 1950 | G49: 295 | H49: 478 | I49: 37050 | J49: 36272 | K49: 119 | L49: MyntraFashion | M49: StyleWithMyntra | N49: =_xlfn.TEXTJOIN(",",TRUE,L49,M49) -> MyntraFashion,StyleWithMyntra | O49: StyleRevolution | P49: =(Post[[#This Row],[Likes]]+Post[[#This Row],[Shares]]+Post[[#This Row],[Comments]])/Post[[#This Row],[Impressions]] -> 0.073495277 | Q49: =F49+G49+H49 -> 2723 | R49: =_xlfn.XLOOKUP($O49,'Campaign Data '!$A:$A,'Campaign Data '!$B:$B) -> 45667 | S49: =_xlfn.XLOOKUP($O49,'Campaign Data '!$A:$A,'Campaign Data '!$C:$C) -> 45698 | T49: =+IF(AND($C49>=$R49,$C49<=$S49),"During","Before") -> Before
A50: P049 | B50: Twitter | C50: 45453 | D50: Story | E50: Explore the latest story on Myntra! Trendy styles await. | F50: 2164 | G50: 549 | H50: 274 | I50: 28132 | J50: 27361 | K50: 177 | L50: StyleWithMyntra | N50: =_xlfn.TEXTJOIN(",",TRUE,L50,M50) -> StyleWithMyntra | O50: FashionUpgrade | P50: =(Post[[#This Row],[Likes]]+Post[[#This Row],[Shares]]+Post[[#This Row],[Comments]])/Post[[#This Row],[Impressions]] -> 0.10617802 | Q50: =F50+G50+H50 -> 2987 | R50: =_xlfn.XLOOKUP($O50,'Campaign Data '!$A:$A,'Campaign Data '!$B:$B) -> 45505 | S50: =_xlfn.XLOOKUP($O50,'Campaign Data '!$A:$A,'Campaign Data '!$C:$C) -> 45535 | T50: =+IF(AND($C50>=$R50,$C50<=$S50),"During","Before") -> Before
A51: P050 | B51: YouTube | C51: 45476 | D51: Story | E51: Explore the latest story on Myntra! Trendy styles await. | F51: 2754 | G51: 130 | H51: 90 | I51: 22032 | J51: 21288 | K51: 112 | L51: MyntraFashion | N51: =_xlfn.TEXTJOIN(",",TRUE,L51,M51) -> MyntraFashion | O51: FashionUpgrade | P51: =(Post[[#This Row],[Likes]]+Post[[#This Row],[Shares]]+Post[[#This Row],[Comments]])/Post[[#This Row],[Impressions]] -> 0.13498548 | Q51: =F51+G51+H51 -> 2974 | R51: =_xlfn.XLOOKUP($O51,'Campaign Data '!$A:$A,'Campaign Data '!$B:$B) -> 45505 | S51: =_xlfn.XLOOKUP($O51,'Campaign Data '!$A:$A,'Campaign Data '!$C:$C) -> 45535 | T51: =+IF(AND($C51>=$R51,$C51<=$S51),"During","Before") -> Before
A52: P051 | B52: Facebook | C52: 45456 | D52: Carousel | E52: Explore the latest carousel on Myntra! Trendy styles await. | F52: 2200 | G52: 504 | H52: 239 | I52: 37400 | J52: 36938 | K52: 225 | L52: MyntraSale | N52: =_xlfn.TEXTJOIN(",",TRUE,L52,M52) -> MyntraSale | O52: MyntraFestiveEdit | P52: =(Post[[#This Row],[Likes]]+Post[[#This Row],[Shares]]+Post[[#This Row],[Comments]])/Post[[#This Row],[Impressions]] -> 0.07868984 | Q52: =F52+G52+H52 -> 2943 | R52: =_xlfn.XLOOKUP($O52,'Campaign Data '!$A:$A,'Campaign Data '!$B:$B) -> 45570 | S52: =_xlfn.XLOOKUP($O52,'Campaign Data '!$A:$A,'Campaign Data '!$C:$C) -> 45601 | T52: =+IF(AND($C52>=$R52,$C52<=$S52),"During","Before") -> Before
A53: P052 | B53: Facebook | C53: 45660 | D53: Image | E53: Explore the latest image on Myntra! Trendy styles await. | F53: 947 | G53: 338 | H53: 350 | I53: 10417 | J53: 9730 | K53: 34 | L53: MyntraFashion | M53: MyntraSale | N53: =_xlfn.TEXTJOIN(",",TRUE,L53,M53) -> MyntraFashion,MyntraSale | O53: MyntraFestiveEdit | P53: =(Post[[#This Row],[Likes]]+Post[[#This Row],[Shares]]+Post[[#This Row],[Comments]])/Post[[#This Row],[Impressions]] -> 0.15695498 | Q53: =F53+G53+H53 -> 1635 | R53: =_xlfn.XLOOKUP($O53,'Campaign Data '!$A:$A,'Campaign Data '!$B:$B) -> 45570 | S53: =_xlfn.XLOOKUP($O53,'Campaign Data '!$A:$A,'Campaign Data '!$C:$C) -> 45601 | T53: =+IF(AND($C53>=$R53,$C53<=$S53),"During","Before") -> Before
A54: P053 | B54: YouTube | C54: 45712 | D54: Carousel | E54: Explore the latest carousel on Myntra! Trendy styles await. | F54: 804 | G54: 639 | H54: 43 | I54: 4020 | J54: 3144 | K54: 11 | L54: StyleWithMyntra | M54: MyntraTrend | N54: =_xlfn.TEXTJOIN(",",TRUE,L54,M54) -> StyleWithMyntra,MyntraTrend | O54: StyleRevolution | P54: =(Post[[#This Row],[Likes]]+Post[[#This Row],[Shares]]+Post[[#This Row],[Comments]])/Post[[#This Row],[Impressions]] -> 0.36965174 | Q54: =F54+G54+H54 -> 1486 | R54: =_xlfn.XLOOKUP($O54,'Campaign Data '!$A:$A,'Campaign Data '!$B:$B) -> 45667 | S54: =_xlfn.XLOOKUP($O54,'Campaign Data '!$A:$A,'Campaign Data '!$C:$C) -> 45698 | T54: =+IF(AND($C54>=$R54,$C54<=$S54),"During","Before") -> Before
A55: P054 | B55: YouTube | C55: 45729 | D55: Carousel | E55: Explore the latest carousel on Myntra! Trendy styles await. | F55: 1686 | G55: 904 | H55: 472 | I55: 18546 | J55: 18171 | K55: 52 | L55: MyntraFashion | M55: FashionDeals | N55: =_xlfn.TEXTJOIN(",",TRUE,L55,M55) -> MyntraFashion,FashionDeals | O55: EndOfSeasonSale | P55: =(Post[[#This Row],[Likes]]+Post[[#This Row],[Shares]]+Post[[#This Row],[Comments]])/Post[[#This Row],[Impressions]] -> 0.16510299 | Q55: =F55+G55+H55 -> 3062 | R55: =_xlfn.XLOOKUP($O55,'Campaign Data '!$A:$A,'Campaign Data '!$B:$B) -> 45453 | S55: =_xlfn.XLOOKUP($O55,'Campaign Data '!$A:$A,'Campaign Data '!$C:$C) -> 45478 | T55: =+IF(AND($C55>=$R55,$C55<=$S55),"During","Before") -> Before
A56: P055 | B56: Facebook | C56: 45460 | D56: Image | E56: Explore the latest image on Myntra! Trendy styles await. | F56: 1226 | G56: 119 | H56: 7 | I56: 14712 | J56: 14049 | K56: 123 | L56: MyntraSale | M56: MyntraTrend | N56: =_xlfn.TEXTJOIN(",",TRUE,L56,M56) -> MyntraSale,MyntraTrend | O56: StyleRevolution | P56: =(Post[[#This Row],[Likes]]+Post[[#This Row],[Shares]]+Post[[#This Row],[Comments]])/Post[[#This Row],[Impressions]] -> 0.091897771 | Q56: =F56+G56+H56 -> 1352 | R56: =_xlfn.XLOOKUP($O56,'Campaign Data '!$A:$A,'Campaign Data '!$B:$B) -> 45667 | S56: =_xlfn.XLOOKUP($O56,'Campaign Data '!$A:$A,'Campaign Data '!$C:$C) -> 45698 | T56: =+IF(AND($C56>=$R56,$C56<=$S56),"During","Before") -> Before
A57: P056 | B57: Facebook | C57: 45644 | D57: Carousel | E57: Explore the latest carousel on Myntra! Trendy styles await. | F57: 2946 | G57: 498 | H57: 367 | I57: 29460 | J57: 28527 | K57: 60 | L57: StyleWithMyntra | M57: FashionDeals | N57: =_xlfn.TEXTJOIN(",",TRUE,L57,M57) -> StyleWithMyntra,FashionDeals | O57: EndOfSeasonSale | P57: =(Post[[#This Row],[Likes]]+Post[[#This Row],[Shares]]+Post[[#This Row],[Comments]])/Post[[#This Row],[Impressions]] -> 0.12936185 | Q57: =F57+G57+H57 -> 3811 | R57: =_xlfn.XLOOKUP($O57,'Campaign Data '!$A:$A,'Campaign Data '!$B:$B) -> 45453 | S57: =_xlfn.XLOOKUP($O57,'Campaign Data '!$A:$A,'Campaign Data '!$C:$C) -> 45478 | T57: =+IF(AND($C57>=$R57,$C57<=$S57),"During","Before") -> Before
A58: P057 | B58: Twitter | C58: 45586 | D58: Video | E58: Explore the latest video on Myntra! Trendy styles await. | F58: 2825 | G58: 535 | H58: 295 | I58: 45200 | J58: 44739 | K58: 169 | L58: StyleWithMyntra | N58: =_xlfn.TEXTJOIN(",",TRUE,L58,M58) -> StyleWithMyntra | O58: EndOfSeasonSale | P58: =(Post[[#This Row],[Likes]]+Post[[#This Row],[Shares]]+Post[[#This Row],[Comments]])/Post[[#This Row],[Impressions]] -> 0.080862832 | Q58: =F58+G58+H58 -> 3655 | R58: =_xlfn.XLOOKUP($O58,'Campaign Data '!$A:$A,'Campaign Data '!$B:$B) -> 45453 | S58: =_xlfn.XLOOKUP($O58,'Campaign Data '!$A:$A,'Campaign Data '!$C:$C) -> 45478 | T58: =+IF(AND($C58>=$R58,$C58<=$S58),"During","Before") -> Before
A59: P058 | B59: Instagram | C59: 45762 | D59: Reel | E59: Explore the latest reel on Myntra! Trendy styles await. | F59: 103 | G59: 770 | H59: 19 | I59: 1030 | J59: 410 | K59: 262 | L59: MyntraSale | N59: =_xlfn.TEXTJOIN(",",TRUE,L59,M59) -> MyntraSale | O59: MyntraFestiveEdit | P59: =(Post[[#This Row],[Likes]]+Post[[#This Row],[Shares]]+Post[[#This Row],[Comments]])/Post[[#This Row],[Impressions]] -> 0.86601942 | Q59: =F59+G59+H59 -> 892 | R59: =_xlfn.XLOOKUP($O59,'Campaign Data '!$A:$A,'Campaign Data '!$B:$B) -> 45570 | S59: =_xlfn.XLOOKUP($O59,'Campaign Data '!$A:$A,'Campaign Data '!$C:$C) -> 45601 | T59: =+IF(AND($C59>=$R59,$C59<=$S59),"During","Before") -> Before
A60: P059 | B60: Instagram | C60: 45465 | D60: Text | E60: Explore the latest text on Myntra! Trendy styles await. | F60: 2180 | G60: 263 | H60: 387 | I60: 30520 | J60: 30059 | K60: 174 | L60: FashionDeals | N60: =_xlfn.TEXTJOIN(",",TRUE,L60,M60) -> FashionDeals | O60: FashionUpgrade | P60: =(Post[[#This Row],[Likes]]+Post[[#This Row],[Shares]]+Post[[#This Row],[Comments]])/Post[[#This Row],[Impressions]] -> 0.092726081 | Q60: =F60+G60+H60 -> 2830 | R60: =_xlfn.XLOOKUP($O60,'Campaign Data '!$A:$A,'Campaign Data '!$B:$B) -> 45505 | S60: =_xlfn.XLOOKUP($O60,'Campaign Data '!$A:$A,'Campaign Data '!$C:$C) -> 45535 | T60: =+IF(AND($C60>=$R60,$C60<=$S60),"During","Before") -> Before
A61: P060 | B61: Instagram | C61: 45685 | D61: Video | E61: Explore the latest video on Myntra! Trendy styles await. | F61: 904 | G61: 973 | H61: 63 | I61: 11752 | J61: 11580 | K61: 84 | L61: StyleWithMyntra | N61: =_xlfn.TEXTJOIN(",",TRUE,L61,M61) -> StyleWithMyntra | O61: FashionUpgrade | P61: =(Post[[#This Row],[Likes]]+Post[[#This Row],[Shares]]+Post[[#This Row],[Comments]])/Post[[#This Row],[Impressions]] -> 0.16507828 | Q61: =F61+G61+H61 -> 1940 | R61: =_xlfn.XLOOKUP($O61,'Campaign Data '!$A:$A,'Campaign Data '!$B:$B) -> 45505 | S61: =_xlfn.XLOOKUP($O61,'Campaign Data '!$A:$A,'Campaign Data '!$C:$C) -> 45535 | T61: =+IF(AND($C61>=$R61,$C61<=$S61),"During","Before") -> Before
A62: P061 | B62: Twitter | C62: 45540 | D62: Video | E62: Explore the latest video on Myntra! Trendy styles await. | F62: 4886 | G62: 983 | H62: 409 | I62: 43974 | J62: 43239 | K62: 65 | L62: MyntraFashion | N62: =_xlfn.TEXTJOIN(",",TRUE,L62,M62) -> MyntraFashion | O62: FashionUpgrade | P62: =(Post[[#This Row],[Likes]]+Post[[#This Row],[Shares]]+Post[[#This Row],[Comments]])/Post[[#This Row],[Impressions]] -> 0.14276618 | Q62: =F62+G62+H62 -> 6278 | R62: =_xlfn.XLOOKUP($O62,'Campaign Data '!$A:$A,'Campaign Data '!$B:$B) -> 45505 | S62: =_xlfn.XLOOKUP($O62,'Campaign Data '!$A:$A,'Campaign Data '!$C:$C) -> 45535 | T62: =+IF(AND($C62>=$R62,$C62<=$S62),"During","Before") -> Before
A63: P062 | B63: Twitter | C63: 45618 | D63: Carousel | E63: Explore the latest carousel on Myntra! Trendy styles await. | F63: 53 | G63: 81 | H63: 379 | I63: 954 | J63: 7 | K63: 148 | L63: FashionDeals | N63: =_xlfn.TEXTJOIN(",",TRUE,L63,M63) -> FashionDeals | O63: MyntraFestiveEdit | P63: =(Post[[#This Row],[Likes]]+Post[[#This Row],[Shares]]+Post[[#This Row],[Comments]])/Post[[#This Row],[Impressions]] -> 0.53773585 | Q63: =F63+G63+H63 -> 513 | R63: =_xlfn.XLOOKUP($O63,'Campaign Data '!$A:$A,'Campaign Data '!$B:$B) -> 45570 | S63: =_xlfn.XLOOKUP($O63,'Campaign Data '!$A:$A,'Campaign Data '!$C:$C) -> 45601 | T63: =+IF(AND($C63>=$R63,$C63<=$S63),"During","Before") -> Before
A64: P063 | B64: Twitter | C64: 45504 | D64: Carousel | E64: Explore the latest carousel on Myntra! Trendy styles await. | F64: 4507 | G64: 217 | H64: 13 | I64: 90140 | J64: 89591 | K64: 125 | L64: MyntraSale | N64: =_xlfn.TEXTJOIN(",",TRUE,L64,M64) -> MyntraSale | O64: FashionUpgrade | P64: =(Post[[#This Row],[Likes]]+Post[[#This Row],[Shares]]+Post[[#This Row],[Comments]])/Post[[#This Row],[Impressions]] -> 0.052551586 | Q64: =F64+G64+H64 -> 4737 | R64: =_xlfn.XLOOKUP($O64,'Campaign Data '!$A:$A,'Campaign Data '!$B:$B) -> 45505 | S64: =_xlfn.XLOOKUP($O64,'Campaign Data '!$A:$A,'Campaign Data '!$C:$C) -> 45535 | T64: =+IF(AND($C64>=$R64,$C64<=$S64),"During","Before") -> Before
A65: P064 | B65: Facebook | C65: 45521 | D65: Image | E65: Explore the latest image on Myntra! Trendy styles await. | F65: 2878 | G65: 248 | H65: 416 | I65: 43170 | J65: 42667 | K65: 75 | L65: FashionDeals | M65: MyntraTrend | N65: =_xlfn.TEXTJOIN(",",TRUE,L65,M65) -> FashionDeals,MyntraTrend | O65: EndOfSeasonSale | P65: =(Post[[#This Row],[Likes]]+Post[[#This Row],[Shares]]+Post[[#This Row],[Comments]])/Post[[#This Row],[Impressions]] -> 0.082047718 | Q65: =F65+G65+H65 -> 3542 | R65: =_xlfn.XLOOKUP($O65,'Campaign Data '!$A:$A,'Campaign Data '!$B:$B) -> 45453 | S65: =_xlfn.XLOOKUP($O65,'Campaign Data '!$A:$A,'Campaign Data '!$C:$C) -> 45478 | T65: =+IF(AND($C65>=$R65,$C65<=$S65),"During","Before") -> Before
A66: P065 | B66: Instagram | C66: 45744 | D66: Story | E66: Explore the latest story on Myntra! Trendy styles await. | F66: 1881 | G66: 501 | H66: 99 | I66: 20691 | J66: 19987 | K66: 289 | L66: FashionDeals | N66: =_xlfn.TEXTJOIN(",",TRUE,L66,M66) -> FashionDeals | O66: EndOfSeasonSale | P66: =(Post[[#This Row],[Likes]]+Post[[#This Row],[Shares]]+Post[[#This Row],[Comments]])/Post[[#This Row],[Impressions]] -> 0.11990721 | Q66: =F66+G66+H66 -> 2481 | R66: =_xlfn.XLOOKUP($O66,'Campaign Data '!$A:$A,'Campaign Data '!$B:$B) -> 45453 | S66: =_xlfn.XLOOKUP($O66,'Campaign Data '!$A:$A,'Campaign Data '!$C:$C) -> 45478 | T66: =+IF(AND($C66>=$R66,$C66<=$S66),"During","Before") -> Before
A67: P066 | B67: Twitter | C67: 45499 | D67: Carousel | E67: Explore the latest carousel on Myntra! Trendy styles await. | F67: 432 | G67: 171 | H67: 280 | I67: 3024 | J67: 2285 | K67: 184 | L67: MyntraFashion | N67: =_xlfn.TEXTJOIN(",",TRUE,L67,M67) -> MyntraFashion | O67: MyntraFestiveEdit | P67: =(Post[[#This Row],[Likes]]+Post[[#This Row],[Shares]]+Post[[#This Row],[Comments]])/Post[[#This Row],[Impressions]] -> 0.29199735 | Q67: =F67+G67+H67 -> 883 | R67: =_xlfn.XLOOKUP($O67,'Campaign Data '!$A:$A,'Campaign Data '!$B:$B) -> 45570 | S67: =_xlfn.XLOOKUP($O67,'Campaign Data '!$A:$A,'Campaign Data '!$C:$C) -> 45601 | T67: =+IF(AND($C67>=$R67,$C67<=$S67),"During","Before") -> Before
A68: P067 | B68: Facebook | C68: 45745 | D68: Carousel | E68: Explore the latest carousel on Myntra! Trendy styles await. | F68: 4712 | G68: 568 | H68: 127 | I68: 84816 | J68: 84691 | K68: 100 | L68: FashionDeals | N68: =_xlfn.TEXTJOIN(",",TRUE,L68,M68) -> FashionDeals | O68: FashionUpgrade | P68: =(Post[[#This Row],[Likes]]+Post[[#This Row],[Shares]]+Post[[#This Row],[Comments]])/Post[[#This Row],[Impressions]] -> 0.063749764 | Q68: =F68+G68+H68 -> 5407 | R68: =_xlfn.XLOOKUP($O68,'Campaign Data '!$A:$A,'Campaign Data '!$B:$B) -> 45505 | S68: =_xlfn.XLOOKUP($O68,'Campaign Data '!$A:$A,'Campaign Data '!$C:$C) -> 45535 | T68: =+IF(AND($C68>=$R68,$C68<=$S68),"During","Before") -> Before
A69: P068 | B69: Instagram | C69: 45634 | D69: Story | E69: Explore the latest story on Myntra! Trendy styles await. | F69: 2610 | G69: 126 | H69: 288 | I69: 15660 | J69: 15145 | K69: 73 | L69: MyntraFashion | N69: =_xlfn.TEXTJOIN(",",TRUE,L69,M69) -> MyntraFashion | O69: FashionUpgrade | P69: =(Post[[#This Row],[Likes]]+Post[[#This Row],[Shares]]+Post[[#This Row],[Comments]])/Post[[#This Row],[Impressions]] -> 0.19310345 | Q69: =F69+G69+H69 -> 3024 | R69: =_xlfn.XLOOKUP($O69,'Campaign Data '!$A:$A,'Campaign Data '!$B:$B) -> 45505 | S69: =_xlfn.XLOOKUP($O69,'Campaign Data '!$A:$A,'Campaign Data '!$C:$C) -> 45535 | T69: =+IF(AND($C69>=$R69,$C69<=$S69),"During","Before") -> Before
A70: P069 | B70: Twitter | C70: 45724 | D70: Text | E70: Explore the latest text on Myntra! Trendy styles await. | F70: 1292 | G70: 626 | H70: 496 | I70: 25840 | J70: 24916 | K70: 149 | L70: StyleWithMyntra | M70: MyntraTrend | N70: =_xlfn.TEXTJOIN(",",TRUE,L70,M70) -> StyleWithMyntra,MyntraTrend | O70: StyleRevolution | P70: =(Post[[#This Row],[Likes]]+Post[[#This Row],[Shares]]+Post[[#This Row],[Comments]])/Post[[#This Row],[Impressions]] -> 0.093421053 | Q70: =F70+G70+H70 -> 2414 | R70: =_xlfn.XLOOKUP($O70,'Campaign Data '!$A:$A,'Campaign Data '!$B:$B) -> 45667 | S70: =_xlfn.XLOOKUP($O70,'Campaign Data '!$A:$A,'Campaign Data '!$C:$C) -> 45698 | T70: =+IF(AND($C70>=$R70,$C70<=$S70),"During","Before") -> Before
A71: P070 | B71: Facebook | C71: 45749 | D71: Video | E71: Explore the latest video on Myntra! Trendy styles await. | F71: 199 | G71: 772 | H71: 400 | I71: 3582 | J71: 2988 | K71: 43 | L71: MyntraTrend | N71: =_xlfn.TEXTJOIN(",",TRUE,L71,M71) -> MyntraTrend | O71: FashionUpgrade | P71: =(Post[[#This Row],[Likes]]+Post[[#This Row],[Shares]]+Post[[#This Row],[Comments]])/Post[[#This Row],[Impressions]] -> 0.38274707 | Q71: =F71+G71+H71 -> 1371 | R71: =_xlfn.XLOOKUP($O71,'Campaign Data '!$A:$A,'Campaign Data '!$B:$B) -> 45505 | S71: =_xlfn.XLOOKUP($O71,'Campaign Data '!$A:$A,'Campaign Data '!$C:$C) -> 45535 | T71: =+IF(AND($C71>=$R71,$C71<=$S71),"During","Before") -> Before
A72: P071 | B72: YouTube | C72: 45537 | D72: Carousel | E72: Explore the latest carousel on Myntra! Trendy styles await. | F72: 2551 | G72: 915 | H72: 205 | I72: 30612 | J72: 30360 | K72: 227 | L72: MyntraSale | M72: FashionDeals | N72: =_xlfn.TEXTJOIN(",",TRUE,L72,M72) -> MyntraSale,FashionDeals | O72: EndOfSeasonSale | P72: =(Post[[#This Row],[Likes]]+Post[[#This Row],[Shares]]+Post[[#This Row],[Comments]])/Post[[#This Row],[Impressions]] -> 0.11992029 | Q72: =F72+G72+H72 -> 3671 | R72: =_xlfn.XLOOKUP($O72,'Campaign Data '!$A:$A,'Campaign Data '!$B:$B) -> 45453 | S72: =_xlfn.XLOOKUP($O72,'Campaign Data '!$A:$A,'Campaign Data '!$C:$C) -> 45478 | T72: =+IF(AND($C72>=$R72,$C72<=$S72),"During","Before") -> Before
A73: P072 | B73: YouTube | C73: 45719 | D73: Reel | E73: Explore the latest reel on Myntra! Trendy styles await. | F73: 296 | G73: 60 | H73: 141 | I73: 5624 | J73: 5239 | K73: 88 | L73: MyntraTrend | N73: =_xlfn.TEXTJOIN(",",TRUE,L73,M73) -> MyntraTrend | O73: StyleRevolution | P73: =(Post[[#This Row],[Likes]]+Post[[#This Row],[Shares]]+Post[[#This Row],[Comments]])/Post[[#This Row],[Impressions]] -> 0.088371266 | Q73: =F73+G73+H73 -> 497 | R73: =_xlfn.XLOOKUP($O73,'Campaign Data '!$A:$A,'Campaign Data '!$B:$B) -> 45667 | S73: =_xlfn.XLOOKUP($O73,'Campaign Data '!$A:$A,'Campaign Data '!$C:$C) -> 45698 | T73: =+IF(AND($C73>=$R73,$C73<=$S73),"During","Before") -> Before
A74: P073 | B74: Facebook | C74: 45583 | D74: Story | E74: Explore the latest story on Myntra! Trendy styles await. | F74: 4126 | G74: 426 | H74: 486 | I74: 78394 | J74: 77798 | K74: 88 | L74: MyntraFashion | N74: =_xlfn.TEXTJOIN(",",TRUE,L74,M74) -> MyntraFashion | O74: FashionUpgrade | P74: =(Post[[#This Row],[Likes]]+Post[[#This Row],[Shares]]+Post[[#This Row],[Comments]])/Post[[#This Row],[Impressions]] -> 0.064265122 | Q74: =F74+G74+H74 -> 5038 | R74: =_xlfn.XLOOKUP($O74,'Campaign Data '!$A:$A,'Campaign Data '!$B:$B) -> 45505 | S74: =_xlfn.XLOOKUP($O74,'Campaign Data '!$A:$A,'Campaign Data '!$C:$C) -> 45535 | T74: =+IF(AND($C74>=$R74,$C74<=$S74),"During","Before") -> Before
A75: P074 | B75: YouTube | C75: 45593 | D75: Reel | E75: Explore the latest reel on Myntra! Trendy styles await. | F75: 1855 | G75: 200 | H75: 174 | I75: 16695 | J75: 16330 | K75: 123 | L75: MyntraFashion | N75: =_xlfn.TEXTJOIN(",",TRUE,L75,M75) -> MyntraFashion | O75: MyntraFestiveEdit | P75: =(Post[[#This Row],[Likes]]+Post[[#This Row],[Shares]]+Post[[#This Row],[Comments]])/Post[[#This Row],[Impressions]] -> 0.13351303 | Q75: =F75+G75+H75 -> 2229 | R75: =_xlfn.XLOOKUP($O75,'Campaign Data '!$A:$A,'Campaign Data '!$B:$B) -> 45570 | S75: =_xlfn.XLOOKUP($O75,'Campaign Data '!$A:$A,'Campaign Data '!$C:$C) -> 45601 | T75: =+IF(AND($C75>=$R75,$C75<=$S75),"During","Before") -> During
A76: P075 | B76: Instagram | C76: 45505 | D76: Reel | E76: Explore the latest reel on Myntra! Trendy styles await. | F76: 1674 | G76: 929 | H76: 37 | I76: 21762 | J76: 20998 | K76: 255 | L76: StyleWithMyntra | M76: FashionDeals | N76: =_xlfn.TEXTJOIN(",",TRUE,L76,M76) -> StyleWithMyntra,FashionDeals | O76: MyntraFestiveEdit | P76: =(Post[[#This Row],[Likes]]+Post[[#This Row],[Shares]]+Post[[#This Row],[Comments]])/Post[[#This Row],[Impressions]] -> 0.12131238 | Q76: =F76+G76+H76 -> 2640 | R76: =_xlfn.XLOOKUP($O76,'Campaign Data '!$A:$A,'Campaign Data '!$B:$B) -> 45570 | S76: =_xlfn.XLOOKUP($O76,'Campaign Data '!$A:$A,'Campaign Data '!$C:$C) -> 45601 | T76: =+IF(AND($C76>=$R76,$C76<=$S76),"During","Before") -> Before
A77: P076 | B77: Twitter | C77: 45603 | D77: Story | E77: Explore the latest story on Myntra! Trendy styles await. | F77: 1121 | G77: 135 | H77: 18 | I77: 15694 | J77: 14957 | K77: 99 | L77: MyntraSale | M77: MyntraFashion | N77: =_xlfn.TEXTJOIN(",",TRUE,L77,M77) -> MyntraSale,MyntraFashion | O77: StyleRevolution | P77: =(Post[[#This Row],[Likes]]+Post[[#This Row],[Shares]]+Post[[#This Row],[Comments]])/Post[[#This Row],[Impressions]] -> 0.08117752 | Q77: =F77+G77+H77 -> 1274 | R77: =_xlfn.XLOOKUP($O77,'Campaign Data '!$A:$A,'Campaign Data '!$B:$B) -> 45667 | S77: =_xlfn.XLOOKUP($O77,'Campaign Data '!$A:$A,'Campaign Data '!$C:$C) -> 45698 | T77: =+IF(AND($C77>=$R77,$C77<=$S77),"During","Before") -> Before
A78: P077 | B78: Facebook | C78: 45720 | D78: Story | E78: Explore the latest story on Myntra! Trendy styles await. | F78: 1249 | G78: 116 | H78: 420 | I78: 8743 | J78: 8538 | K78: 63 | L78: MyntraFashion | M78: FashionDeals | N78: =_xlfn.TEXTJOIN(",",TRUE,L78,M78) -> MyntraFashion,FashionDeals | O78: MyntraFestiveEdit | P78: =(Post[[#This Row],[Likes]]+Post[[#This Row],[Shares]]+Post[[#This Row],[Comments]])/Post[[#This Row],[Impressions]] -> 0.20416333 | Q78: =F78+G78+H78 -> 1785 | R78: =_xlfn.XLOOKUP($O78,'Campaign Data '!$A:$A,'Campaign Data '!$B:$B) -> 45570 | S78: =_xlfn.XLOOKUP($O78,'Campaign Data '!$A:$A,'Campaign Data '!$C:$C) -> 45601 | T78: =+IF(AND($C78>=$R78,$C78<=$S78),"During","Before") -> Before
A79: P078 | B79: Twitter | C79: 45460 | D79: Image | E79: Explore the latest image on Myntra! Trendy styles await. | F79: 954 | G79: 324 | H79: 288 | I79: 19080 | J79: 18859 | K79: 21 | L79: MyntraTrend | N79: =_xlfn.TEXTJOIN(",",TRUE,L79,M79) -> MyntraTrend | O79: MyntraFestiveEdit | P79: =(Post[[#This Row],[Likes]]+Post[[#This Row],[Shares]]+Post[[#This Row],[Comments]])/Post[[#This Row],[Impressions]] -> 0.082075472 | Q79: =F79+G79+H79 -> 1566 | R79: =_xlfn.XLOOKUP($O79,'Campaign Data '!$A:$A,'Campaign Data '!$B:$B) -> 45570 | S79: =_xlfn.XLOOKUP($O79,'Campaign Data '!$A:$A,'Campaign Data '!$C:$C) -> 45601 | T79: =+IF(AND($C79>=$R79,$C79<=$S79),"During","Before") -> Before
A80: P079 | B80: Instagram | C80: 45574 | D80: Carousel | E80: Explore the latest carousel on Myntra! Trendy styles await. | F80: 3068 | G80: 137 | H80: 329 | I80: 39884 | J80: 39404 | K80: 266 | L80: MyntraSale | M80: MyntraTrend | N80: =_xlfn.TEXTJOIN(",",TRUE,L80,M80) -> MyntraSale,MyntraTrend | O80: MyntraFestiveEdit | P80: =(Post[[#This Row],[Likes]]+Post[[#This Row],[Shares]]+Post[[#This Row],[Comments]])/Post[[#This Row],[Impressions]] -> 0.08860696 | Q80: =F80+G80+H80 -> 3534 | R80: =_xlfn.XLOOKUP($O80,'Campaign Data '!$A:$A,'Campaign Data '!$B:$B) -> 45570 | S80: =_xlfn.XLOOKUP($O80,'Campaign Data '!$A:$A,'Campaign Data '!$C:$C) -> 45601 | T80: =+IF(AND($C80>=$R80,$C80<=$S80),"During","Before") -> During
A81: P080 | B81: Instagram | C81: 45456 | D81: Story | E81: Explore the latest story on Myntra! Trendy styles await. | F81: 2103 | G81: 892 | H81: 103 | I81: 39957 | J81: 39466 | K81: 28 | L81: FashionDeals | M81: MyntraFashion | N81: =_xlfn.TEXTJOIN(",",TRUE,L81,M81) -> FashionDeals,MyntraFashion | O81: EndOfSeasonSale | P81: =(Post[[#This Row],[Likes]]+Post[[#This Row],[Shares]]+Post[[#This Row],[Comments]])/Post[[#This Row],[Impressions]] -> 0.077533348 | Q81: =F81+G81+H81 -> 3098 | R81: =_xlfn.XLOOKUP($O81,'Campaign Data '!$A:$A,'Campaign Data '!$B:$B) -> 45453 | S81: =_xlfn.XLOOKUP($O81,'Campaign Data '!$A:$A,'Campaign Data '!$C:$C) -> 45478 | T81: =+IF(AND($C81>=$R81,$C81<=$S81),"During","Before") -> During
A82: P081 | B82: Instagram | C82: 45584 | D82: Story | E82: Explore the latest story on Myntra! Trendy styles await. | F82: 1816 | G82: 29 | H82: 41 | I82: 19976 | J82: 19262 | K82: 283 | L82: MyntraTrend | M82: MyntraSale | N82: =_xlfn.TEXTJOIN(",",TRUE,L82,M82) -> MyntraTrend,MyntraSale | O82: MyntraFestiveEdit | P82: =(Post[[#This Row],[Likes]]+Post[[#This Row],[Shares]]+Post[[#This Row],[Comments]])/Post[[#This Row],[Impressions]] -> 0.094413296 | Q82: =F82+G82+H82 -> 1886 | R82: =_xlfn.XLOOKUP($O82,'Campaign Data '!$A:$A,'Campaign Data '!$B:$B) -> 45570 | S82: =_xlfn.XLOOKUP($O82,'Campaign Data '!$A:$A,'Campaign Data '!$C:$C) -> 45601 | T82: =+IF(AND($C82>=$R82,$C82<=$S82),"During","Before") -> During
A83: P082 | B83: Instagram | C83: 45497 | D83: Image | E83: Explore the latest image on Myntra! Trendy styles await. | F83: 725 | G83: 88 | H83: 428 | I83: 14500 | J83: 13637 | K83: 200 | L83: MyntraTrend | N83: =_xlfn.TEXTJOIN(",",TRUE,L83,M83) -> MyntraTrend | O83: MyntraFestiveEdit | P83: =(Post[[#This Row],[Likes]]+Post[[#This Row],[Shares]]+Post[[#This Row],[Comments]])/Post[[#This Row],[Impressions]] -> 0.085586207 | Q83: =F83+G83+H83 -> 1241 | R83: =_xlfn.XLOOKUP($O83,'Campaign Data '!$A:$A,'Campaign Data '!$B:$B) -> 45570 | S83: =_xlfn.XLOOKUP($O83,'Campaign Data '!$A:$A,'Campaign Data '!$C:$C) -> 45601 | T83: =+IF(AND($C83>=$R83,$C83<=$S83),"During","Before") -> Before
A84: P083 | B84: YouTube | C84: 45580 | D84: Video | E84: Explore the latest video on Myntra! Trendy styles await. | F84: 1094 | G84: 472 | H84: 21 | I84: 9846 | J84: 9609 | K84: 112 | L84: MyntraTrend | M84: StyleWithMyntra | N84: =_xlfn.TEXTJOIN(",",TRUE,L84,M84) -> MyntraTrend,StyleWithMyntra | O84: MyntraFestiveEdit | P84: =(Post[[#This Row],[Likes]]+Post[[#This Row],[Shares]]+Post[[#This Row],[Comments]])/Post[[#This Row],[Impressions]] -> 0.16118221 | Q84: =F84+G84+H84 -> 1587 | R84: =_xlfn.XLOOKUP($O84,'Campaign Data '!$A:$A,'Campaign Data '!$B:$B) -> 45570 | S84: =_xlfn.XLOOKUP($O84,'Campaign Data '!$A:$A,'Campaign Data '!$C:$C) -> 45601 | T84: =+IF(AND($C84>=$R84,$C84<=$S84),"During","Before") -> During
A85: P084 | B85: Facebook | C85: 45635 | D85: Image | E85: Explore the latest image on Myntra! Trendy styles await. | F85: 1841 | G85: 851 | H85: 342 | I85: 34979 | J85: 34154 | K85: 255 | L85: MyntraFashion | M85: FashionDeals | N85: =_xlfn.TEXTJOIN(",",TRUE,L85,M85) -> MyntraFashion,FashionDeals | O85: FashionUpgrade | P85: =(Post[[#This Row],[Likes]]+Post[[#This Row],[Shares]]+Post[[#This Row],[Comments]])/Post[[#This Row],[Impressions]] -> 0.086737757 | Q85: =F85+G85+H85 -> 3034 | R85: =_xlfn.XLOOKUP($O85,'Campaign Data '!$A:$A,'Campaign Data '!$B:$B) -> 45505 | S85: =_xlfn.XLOOKUP($O85,'Campaign Data '!$A:$A,'Campaign Data '!$C:$C) -> 45535 | T85: =+IF(AND($C85>=$R85,$C85<=$S85),"During","Before") -> Before
A86: P085 | B86: Instagram | C86: 45766 | D86: Image | E86: Explore the latest image on Myntra! Trendy styles await. | F86: 4177 | G86: 569 | H86: 55 | I86: 25062 | J86: 24847 | K86: 230 | L86: MyntraFashion | N86: =_xlfn.TEXTJOIN(",",TRUE,L86,M86) -> MyntraFashion | O86: FashionUpgrade | P86: =(Post[[#This Row],[Likes]]+Post[[#This Row],[Shares]]+Post[[#This Row],[Comments]])/Post[[#This Row],[Impressions]] -> 0.19156492 | Q86: =F86+G86+H86 -> 4801 | R86: =_xlfn.XLOOKUP($O86,'Campaign Data '!$A:$A,'Campaign Data '!$B:$B) -> 45505 | S86: =_xlfn.XLOOKUP($O86,'Campaign Data '!$A:$A,'Campaign Data '!$C:$C) -> 45535 | T86: =+IF(AND($C86>=$R86,$C86<=$S86),"During","Before") -> Before
A87: P086 | B87: YouTube | C87: 45684 | D87: Text | E87: Explore the latest text on Myntra! Trendy styles await. | F87: 3428 | G87: 305 | H87: 85 | I87: 58276 | J87: 58052 | K87: 242 | L87: MyntraTrend | M87: StyleWithMyntra | N87: =_xlfn.TEXTJOIN(",",TRUE,L87,M87) -> MyntraTrend,StyleWithMyntra | O87: MyntraFestiveEdit | P87: =(Post[[#This Row],[Likes]]+Post[[#This Row],[Shares]]+Post[[#This Row],[Comments]])/Post[[#This Row],[Impressions]] -> 0.065515821 | Q87: =F87+G87+H87 -> 3818 | R87: =_xlfn.XLOOKUP($O87,'Campaign Data '!$A:$A,'Campaign Data '!$B:$B) -> 45570 | S87: =_xlfn.XLOOKUP($O87,'Campaign Data '!$A:$A,'Campaign Data '!$C:$C) -> 45601 | T87: =+IF(AND($C87>=$R87,$C87<=$S87),"During","Before") -> Before
A88: P087 | B88: Twitter | C88: 45449 | D88: Video | E88: Explore the latest video on Myntra! Trendy styles await. | F88: 1436 | G88: 765 | H88: 496 | I88: 12924 | J88: 12701 | K88: 197 | L88: MyntraTrend | M88: MyntraSale | N88: =_xlfn.TEXTJOIN(",",TRUE,L88,M88) -> MyntraTrend,MyntraSale | O88: EndOfSeasonSale | P88: =(Post[[#This Row],[Likes]]+Post[[#This Row],[Shares]]+Post[[#This Row],[Comments]])/Post[[#This Row],[Impressions]] -> 0.20868152 | Q88: =F88+G88+H88 -> 2697 | R88: =_xlfn.XLOOKUP($O88,'Campaign Data '!$A:$A,'Campaign Data '!$B:$B) -> 45453 | S88: =_xlfn.XLOOKUP($O88,'Campaign Data '!$A:$A,'Campaign Data '!$C:$C) -> 45478 | T88: =+IF(AND($C88>=$R88,$C88<=$S88),"During","Before") -> Before
A89: P088 | B89: Facebook | C89: 45480 | D89: Story | E89: Explore the latest story on Myntra! Trendy styles await. | F89: 302 | G89: 47 | H89: 430 | I89: 5738 | J89: 4890 | K89: 25 | L89: MyntraFashion | M89: MyntraSale | N89: =_xlfn.TEXTJOIN(",",TRUE,L89,M89) -> MyntraFashion,MyntraSale | O89: EndOfSeasonSale | P89: =(Post[[#This Row],[Likes]]+Post[[#This Row],[Shares]]+Post[[#This Row],[Comments]])/Post[[#This Row],[Impressions]] -> 0.13576159 | Q89: =F89+G89+H89 -> 779 | R89: =_xlfn.XLOOKUP($O89,'Campaign Data '!$A:$A,'Campaign Data '!$B:$B) -> 45453 | S89: =_xlfn.XLOOKUP($O89,'Campaign Data '!$A:$A,'Campaign Data '!$C:$C) -> 45478 | T89: =+IF(AND($C89>=$R89,$C89<=$S89),"During","Before") -> Before
A90: P089 | B90: Twitter | C90: 45667 | D90: Image | E90: Explore the latest image on Myntra! Trendy styles await. | F90: 2214 | G90: 249 | H90: 152 | I90: 15498 | J90: 14800 | K90: 180 | L90: MyntraSale | N90: =_xlfn.TEXTJOIN(",",TRUE,L90,M90) -> MyntraSale | O90: EndOfSeasonSale | P90: =(Post[[#This Row],[Likes]]+Post[[#This Row],[Shares]]+Post[[#This Row],[Comments]])/Post[[#This Row],[Impressions]] -> 0.16873145 | Q90: =F90+G90+H90 -> 2615 | R90: =_xlfn.XLOOKUP($O90,'Campaign Data '!$A:$A,'Campaign Data '!$B:$B) -> 45453 | S90: =_xlfn.XLOOKUP($O90,'Campaign Data '!$A:$A,'Campaign Data '!$C:$C) -> 45478 | T90: =+IF(AND($C90>=$R90,$C90<=$S90),"During","Before") -> Before
A91: P090 | B91: Instagram | C91: 45446 | D91: Image | E91: Explore the latest image on Myntra! Trendy styles await. | F91: 3861 | G91: 960 | H91: 101 | I91: 69498 | J91: 68817 | K91: 297 | L91: MyntraFashion | N91: =_xlfn.TEXTJOIN(",",TRUE,L91,M91) -> MyntraFashion | O91: EndOfSeasonSale | P91: =(Post[[#This Row],[Likes]]+Post[[#This Row],[Shares]]+Post[[#This Row],[Comments]])/Post[[#This Row],[Impressions]] -> 0.070822182 | Q91: =F91+G91+H91 -> 4922 | R91: =_xlfn.XLOOKUP($O91,'Campaign Data '!$A:$A,'Campaign Data '!$B:$B) -> 45453 | S91: =_xlfn.XLOOKUP($O91,'Campaign Data '!$A:$A,'Campaign Data '!$C:$C) -> 45478 | T91: =+IF(AND($C91>=$R91,$C91<=$S91),"During","Before") -> Before
A92: P091 | B92: Facebook | C92: 45740 | D92: Image | E92: Explore the latest image on Myntra! Trendy styles await. | F92: 1263 | G92: 397 | H92: 357 | I92: 25260 | J92: 24615 | K92: 137 | L92: MyntraSale | N92: =_xlfn.TEXTJOIN(",",TRUE,L92,M92) -> MyntraSale | O92: EndOfSeasonSale | P92: =(Post[[#This Row],[Likes]]+Post[[#This Row],[Shares]]+Post[[#This Row],[Comments]])/Post[[#This Row],[Impressions]] -> 0.079849565 | Q92: =F92+G92+H92 -> 2017 | R92: =_xlfn.XLOOKUP($O92,'Campaign Data '!$A:$A,'Campaign Data '!$B:$B) -> 45453 | S92: =_xlfn.XLOOKUP($O92,'Campaign Data '!$A:$A,'Campaign Data '!$C:$C) -> 45478 | T92: =+IF(AND($C92>=$R92,$C92<=$S92),"During","Before") -> Before
A93: P092 | B93: Twitter | C93: 45586 | D93: Story | E93: Explore the latest story on Myntra! Trendy styles await. | F93: 3801 | G93: 967 | H93: 401 | I93: 38010 | J93: 37625 | K93: 236 | L93: StyleWithMyntra | N93: =_xlfn.TEXTJOIN(",",TRUE,L93,M93) -> StyleWithMyntra | O93: StyleRevolution | P93: =(Post[[#This Row],[Likes]]+Post[[#This Row],[Shares]]+Post[[#This Row],[Comments]])/Post[[#This Row],[Impressions]] -> 0.13599053 | Q93: =F93+G93+H93 -> 5169 | R93: =_xlfn.XLOOKUP($O93,'Campaign Data '!$A:$A,'Campaign Data '!$B:$B) -> 45667 | S93: =_xlfn.XLOOKUP($O93,'Campaign Data '!$A:$A,'Campaign Data '!$C:$C) -> 45698 | T93: =+IF(AND($C93>=$R93,$C93<=$S93),"During","Before") -> Before
A94: P093 | B94: Instagram | C94: 45637 | D94: Video | E94: Explore the latest video on Myntra! Trendy styles await. | F94: 1431 | G94: 951 | H94: 26 | I94: 8586 | J94: 8396 | K94: 150 | L94: MyntraTrend | M94: FashionDeals | N94: =_xlfn.TEXTJOIN(",",TRUE,L94,M94) -> MyntraTrend,FashionDeals | O94: FashionUpgrade | P94: =(Post[[#This Row],[Likes]]+Post[[#This Row],[Shares]]+Post[[#This Row],[Comments]])/Post[[#This Row],[Impressions]] -> 0.28045656 | Q94: =F94+G94+H94 -> 2408 | R94: =_xlfn.XLOOKUP($O94,'Campaign Data '!$A:$A,'Campaign Data '!$B:$B) -> 45505 | S94: =_xlfn.XLOOKUP($O94,'Campaign Data '!$A:$A,'Campaign Data '!$C:$C) -> 45535 | T94: =+IF(AND($C94>=$R94,$C94<=$S94),"During","Before") -> Before
A95: P094 | B95: Instagram | C95: 45603 | D95: Image | E95: Explore the latest image on Myntra! Trendy styles await. | F95: 2647 | G95: 304 | H95: 170 | I95: 18529 | J95: 17841 | K95: 46 | L95: StyleWithMyntra | N95: =_xlfn.TEXTJOIN(",",TRUE,L95,M95) -> StyleWithMyntra | O95: EndOfSeasonSale | P95: =(Post[[#This Row],[Likes]]+Post[[#This Row],[Shares]]+Post[[#This Row],[Comments]])/Post[[#This Row],[Impressions]] -> 0.16843866 | Q95: =F95+G95+H95 -> 3121 | R95: =_xlfn.XLOOKUP($O95,'Campaign Data '!$A:$A,'Campaign Data '!$B:$B) -> 45453 | S95: =_xlfn.XLOOKUP($O95,'Campaign Data '!$A:$A,'Campaign Data '!$C:$C) -> 45478 | T95: =+IF(AND($C95>=$R95,$C95<=$S95),"During","Before") -> Before
A96: P095 | B96: Instagram | C96: 45604 | D96: Text | E96: Explore the latest text on Myntra! Trendy styles await. | F96: 3182 | G96: 559 | H96: 160 | I96: 57276 | J96: 56890 | K96: 163 | L96: StyleWithMyntra | M96: MyntraTrend | N96: =_xlfn.TEXTJOIN(",",TRUE,L96,M96) -> StyleWithMyntra,MyntraTrend | O96: EndOfSeasonSale | P96: =(Post[[#This Row],[Likes]]+Post[[#This Row],[Shares]]+Post[[#This Row],[Comments]])/Post[[#This Row],[Impressions]] -> 0.068108806 | Q96: =F96+G96+H96 -> 3901 | R96: =_xlfn.XLOOKUP($O96,'Campaign Data '!$A:$A,'Campaign Data '!$B:$B) -> 45453 | S96: =_xlfn.XLOOKUP($O96,'Campaign Data '!$A:$A,'Campaign Data '!$C:$C) -> 45478 | T96: =+IF(AND($C96>=$R96,$C96<=$S96),"During","Before") -> Before
A97: P096 | B97: Twitter | C97: 45545 | D97: Image | E97: Explore the latest image on Myntra! Trendy styles await. | F97: 1238 | G97: 366 | H97: 444 | I97: 19808 | J97: 19334 | K97: 123 | L97: FashionDeals | N97: =_xlfn.TEXTJOIN(",",TRUE,L97,M97) -> FashionDeals | O97: MyntraFestiveEdit | P97: =(Post[[#This Row],[Likes]]+Post[[#This Row],[Shares]]+Post[[#This Row],[Comments]])/Post[[#This Row],[Impressions]] -> 0.10339257 | Q97: =F97+G97+H97 -> 2048 | R97: =_xlfn.XLOOKUP($O97,'Campaign Data '!$A:$A,'Campaign Data '!$B:$B) -> 45570 | S97: =_xlfn.XLOOKUP($O97,'Campaign Data '!$A:$A,'Campaign Data '!$C:$C) -> 45601 | T97: =+IF(AND($C97>=$R97,$C97<=$S97),"During","Before") -> Before
A98: P097 | B98: Instagram | C98: 45517 | D98: Image | E98: Explore the latest image on Myntra! Trendy styles await. | F98: 4739 | G98: 527 | H98: 135 | I98: 61607 | J98: 61333 | K98: 36 | L98: StyleWithMyntra | M98: MyntraSale | N98: =_xlfn.TEXTJOIN(",",TRUE,L98,M98) -> StyleWithMyntra,MyntraSale | O98: EndOfSeasonSale | P98: =(Post[[#This Row],[Likes]]+Post[[#This Row],[Shares]]+Post[[#This Row],[Comments]])/Post[[#This Row],[Impressions]] -> 0.087668609 | Q98: =F98+G98+H98 -> 5401 | R98: =_xlfn.XLOOKUP($O98,'Campaign Data '!$A:$A,'Campaign Data '!$B:$B) -> 45453 | S98: =_xlfn.XLOOKUP($O98,'Campaign Data '!$A:$A,'Campaign Data '!$C:$C) -> 45478 | T98: =+IF(AND($C98>=$R98,$C98<=$S98),"During","Before") -> Before
A99: P098 | B99: Twitter | C99: 45453 | D99: Story | E99: Explore the latest story on Myntra! Trendy styles await. | F99: 1575 | G99: 771 | H99: 486 | I99: 25200 | J99: 24826 | K99: 17 | L99: StyleWithMyntra | N99: =_xlfn.TEXTJOIN(",",TRUE,L99,M99) -> StyleWithMyntra | O99: MyntraFestiveEdit | P99: =(Post[[#This Row],[Likes]]+Post[[#This Row],[Shares]]+Post[[#This Row],[Comments]])/Post[[#This Row],[Impressions]] -> 0.11238095 | Q99: =F99+G99+H99 -> 2832 | R99: =_xlfn.XLOOKUP($O99,'Campaign Data '!$A:$A,'Campaign Data '!$B:$B) -> 45570 | S99: =_xlfn.XLOOKUP($O99,'Campaign Data '!$A:$A,'Campaign Data '!$C:$C) -> 45601 | T99: =+IF(AND($C99>=$R99,$C99<=$S99),"During","Before") -> Before
A100: P099 | B100: YouTube | C100: 45475 | D100: Carousel | E100: Explore the latest carousel on Myntra! Trendy styles await. | F100: 4171 | G100: 548 | H100: 86 | I100: 66736 | J100: 66634 | K100: 173 | L100: StyleWithMyntra | N100: =_xlfn.TEXTJOIN(",",TRUE,L100,M100) -> StyleWithMyntra | O100: MyntraFestiveEdit | P100: =(Post[[#This Row],[Likes]]+Post[[#This Row],[Shares]]+Post[[#This Row],[Comments]])/Post[[#This Row],[Impressions]] -> 0.07200012 | Q100: =F100+G100+H100 -> 4805 | R100: =_xlfn.XLOOKUP($O100,'Campaign Data '!$A:$A,'Campaign Data '!$B:$B) -> 45570 | S100: =_xlfn.XLOOKUP($O100,'Campaign Data '!$A:$A,'Campaign Data '!$C:$C) -> 45601 | T100: =+IF(AND($C100>=$R100,$C100<=$S100),"During","Before") -> Before
...

Sheet 2.Engagement Analysis 
A1: Task- 2 | F1: Task -2
C8: Top 10 Engagment Post | E8: Total Likes ,Shares ,comments by content Type and Platform
C9: top 10 | F9: Playform
C10: 1.8129 | F10: Facebook | I10: Instagram | L10: Twitter | O10: YouTube | R10: Total Sum of Likes | S10: Total Sum of Shares | T10: Total Sum of Comments
C11: 0.866 | E11: Content Type | F11: Sum of Likes | G11: Sum of Shares | H11: Sum of Comments | I11: Sum of Likes | J11: Sum of Shares | K11: Sum of Comments | L11: Sum of Likes | M11: Sum of Shares | N11: Sum of Comments | O11: Sum of Likes | P11: Sum of Shares | Q11: Sum of Comments
C12: 0.7169 | E12: Carousel | F12: 44476 | G12: 7400 | H12: 4589 | I12: 43948 | J12: 6975 | K12: 3890 | L12: 48649 | M12: 5791 | N12: 3607 | O12: 24926 | P12: 6305 | Q12: 2422 | R12: 161999 | S12: 26471 | T12: 14508
C13: 0.7039 | E13: Image | F13: 71602 | G13: 12904 | H13: 6495 | I13: 34202 | J13: 5286 | K13: 2655 | L13: 43761 | M13: 7110 | N13: 5125 | O13: 23903 | P13: 4310 | Q13: 2077 | R13: 173468 | S13: 29610 | T13: 16352
C14: 0.6508 | E14: Reel | F14: 36368 | G14: 5964 | H14: 3353 | I14: 32148 | J14: 8110 | K14: 3386 | L14: 27029 | M14: 4550 | N14: 1913 | O14: 32400 | P14: 4577 | Q14: 2668 | R14: 127945 | S14: 23201 | T14: 11320
C15: 0.5377 | E15: Story | F15: 29405 | G15: 4950 | H15: 3223 | I15: 42649 | J15: 10049 | K15: 3846 | L15: 20466 | M15: 5090 | N15: 3026 | O15: 31968 | P15: 3866 | Q15: 2012 | R15: 124488 | S15: 23955 | T15: 12107
C16: 0.5339 | E16: Text | F16: 31963 | G16: 4792 | H16: 3377 | I16: 25567 | J16: 5112 | K16: 1946 | L16: 31899 | M16: 4861 | N16: 3910 | O16: 27067 | P16: 3928 | Q16: 1052 | R16: 116496 | S16: 18693 | T16: 10285
C17: 0.5019 | E17: Video | F17: 28947 | G17: 3171 | H17: 2263 | I17: 25770 | J17: 5912 | K17: 2128 | L17: 29593 | M17: 6326 | N17: 3299 | O17: 31285 | P17: 5586 | Q17: 2589 | R17: 115595 | S17: 20995 | T17: 10279
C18: 0.4852 | E18: Grand Total | F18: 242761 | G18: 39181 | H18: 23300 | I18: 204284 | J18: 41444 | K18: 17851 | L18: 201397 | M18: 33728 | N18: 20880 | O18: 171549 | P18: 28572 | Q18: 12820 | R18: 819991 | S18: 142925 | T18: 74851
C19: 0.3827
C24: Avg Clicks | F24: Average Engagement rate | K24: video link
C25: Platform | D25: Average of Clicks | F25: Platform | G25: Average of Clicks
C26: Twitter | D26: 156.93671 | F26: FashionDeals | G26: 159.76
C27: Instagram | D27: 152.88608 | F27: MyntraFashion | G27: 141.34545
C28: YouTube | D28: 147.55932 | F28: MyntraSale | G28: 145.92754
C29: Facebook | D29: 146.79518 | F29: MyntraTrend | G29: 170.23333
C30: Grand Total | D30: 151.22 | F30: StyleWithMyntra | G30: 141.22727

Sheet 3.Platform Analysis 
A1: Task- 3
B7: PLATFORM | C7: Engagement_Rat
B8: Facebook | C8: 5.6486
B9: Instagram | C9: 5.7156
B10: Twitter | C10: 5.6558
B11: YouTube | C11: 5.5588
I24: platform | J24: Followers_Growth
I25: Facebook | J25: 35557
I26: Instagram | J26: 48004
I27: Twitter | J27: 41177
I28: YouTube | J28: 35367
I29: Grand Total | J29: 160105
I33: Platform | J33: Average of Follower_Growth | K33: Average of Ad_Spend
I34: Facebook | J34: 711.14 | K34: 27590.78
I35: Instagram | J35: 960.08 | K35: 23287.46
I36: Twitter | J36: 823.54 | K36: 21207.14
I37: YouTube | J37: 707.34 | K37: 24572.94
I38: Grand Total | J38: 800.525 | K38: 24164.58
B45: Myntra should follow a multi-platform strategy with Instagram as the primary engagement channel, supported by Twitter, YouTube and Facebook based on platform strengths.
J46: video link

Sheet 4.Hashtag Analysis
A1: Task- 4
C7: Most Frq Used Hastags | F7: AVERAGE PERFORMANCE OF POSTS CONTAINING EACH HASHTAG
C8: Hashtags Used 1 | D8: Count of Hashtags | F8: Hashtags Used 1 | G8: Average of Engagement_Rate | H8: Average of Clicks
C9: FashionDeals | D9: 50 | F9: FashionDeals | G9: 0.13041434 | H9: 159.76
C10: MyntraFashion | D10: 55 | F10: MyntraFashion | G10: 0.13871112 | H10: 141.34545
C11: MyntraSale | D11: 69 | F11: MyntraSale | G11: 0.15121443 | H11: 145.92754
C12: MyntraTrend | D12: 60 | F12: MyntraTrend | G12: 0.14221518 | H12: 170.23333
C13: StyleWithMyntra | D13: 66 | F13: StyleWithMyntra | G13: 0.1722467 | H13: 141.22727
C16: Content Peformance
C17: Content Type | D17: Average of Likes | E17: Average of Engagement_Rate
C18: Carousel | D18: 2745.7458 | E18: 0.1481492
C19: Image | D19: 2753.4603 | E19: 0.13687494 | H19: video link
C20: Video | D20: 2688.2558 | E20: 0.14814844
C26: Content Type Priorities Per Platform
C27: Average of Engagement_Rate | D27: Content Type
C28: Platform | D28: Carousel | E28: Image | F28: Reel | G28: Story | H28: Text | I28: Video | J28: Grand Total
C29: Facebook | D29: 0.1182059 | E29: 0.11892683 | F29: 0.10810248 | G29: 0.15898978 | H29: 0.10743951 | I29: 0.12899654 | J29: 0.1219729
C30: Instagram | D30: 0.1443986 | E30: 0.14929862 | F30: 0.26004033 | G30: 0.24558274 | H30: 0.12920449 | I30: 0.20623961 | J30: 0.19329258
C31: Twitter | D31: 0.15972488 | E31: 0.14756648 | F31: 0.12428082 | G31: 0.18859717 | H31: 0.12088973 | I31: 0.11980877 | J31: 0.14368407
C32: YouTube | D32: 0.17416554 | E32: 0.15035568 | F32: 0.11688584 | G32: 0.09496533 | H32: 0.11459218 | I32: 0.12968338 | J32: 0.13118494
C33: Grand Total | D33: 0.1481492 | E33: 0.13687494 | F33: 0.15615682 | G33: 0.18425775 | H33: 0.11750674 | I33: 0.14814844 | J33: 0.14828272

Sheet 5.Campaign Effectiveness
A1: Task- 5
G7: Engagement uplift during vs. before campaigns
B8: Campaign_Name | C8: Average of Impressions | D8: Average of Likes | E8: Average of Clicks | G8: Campaign_Name | H8: Average of Engagement_Rate | I8: Sum of Clicks | J8: Sum of Impressions | K8: Sum of Likes
B9: EndOfSeasonSale | C9: 34774.602 | D9: 2804.6386 | E9: 149.10843 | G9: EndOfSeasonSale | H9: 0.15353197 | I9: 12376 | J9: 2886292 | K9: 232785
B10: FashionUpgrade | C10: 38727.319 | D10: 2950.4306 | E10: 155.43056 | G10: Before | H10: 0.15612326 | I10: 11503 | J10: 2686580 | K10: 216535
B11: MyntraFestiveEdit | C11: 33482.718 | D11: 2547 | E11: 159.79487 | G11: During | H11: 0.12027718 | I11: 873 | J11: 199712 | K11: 16250
B12: StyleRevolution | C12: 31460.328 | D12: 2628.4925 | E12: 139.32836 | G12: FashionUpgrade | H12: 0.13707959 | I12: 11191 | J12: 2788367 | K12: 212431
B13: Grand Total | C13: 34647.177 | D13: 2733.3033 | E13: 151.22 | G13: Before | H13: 0.13814561 | I13: 9880 | J13: 2508661 | K13: 188063
G14: During | H14: 0.12855151 | I14: 1311 | J14: 279706 | K14: 24368
G15: MyntraFestiveEdit | H15: 0.14444571 | I15: 12464 | J15: 2611652 | K15: 198666
G16: Before | H16: 0.14493517 | I16: 10805 | J16: 2416564 | K16: 178693
G17: During | H17: 0.14016299 | I17: 1659 | J17: 195088 | K17: 19973
G18: StyleRevolution | H18: 0.15828608 | I18: 9335 | J18: 2107842 | K18: 176109
G19: Before | H19: 0.15086527 | I19: 8386 | J19: 1980477 | K19: 162409
G20: During | H20: 0.22189303 | I20: 949 | J20: 127365 | K20: 13700
G21: Grand Total | H21: 0.14828272 | I21: 45366 | J21: 10394153 | K21: 819991
M23: video link
E33: Average of Engagement_Rate | F33: Column Labels | I33: Engagement Uplift
E34: Campagin_Name | F34: Before | G34: During | H34: Grand Total
E35: EndOfSeasonSale | F35: 0.15612326 | G35: 0.12027718 | H35: 0.15353197 | I35: =(G35-F35)/F35 -> -0.22960116
E36: FashionUpgrade | F36: 0.13814561 | G36: 0.12855151 | H36: 0.13707959 | I36: =(G36-F36)/F36 -> -0.069449185
E37: MyntraFestiveEdit | F37: 0.14493517 | G37: 0.14016299 | H37: 0.14444571 | I37: =(G37-F37)/F37 -> -0.032926292
E38: StyleRevolution | F38: 0.15086527 | G38: 0.22189303 | H38: 0.15828608 | I38: =(G38-F38)/F38 -> 0.47080265 | J38: Highest ROI
E39: Grand Total | F39: 0.14782357 | G39: 0.15257346 | H39: 0.14828272

Sheet 6.Follower Retention & Loy
A1: Task- 6
A6: Weekly growth per platform
A7: Sum of Follower_Growth | B7: Platform
A8: Weeks | B8: Facebook | C8: Instagram | D8: Twitter | E8: YouTube | F8: Grand Total
A9: 45656 | B9: 1776 | C9: 1765 | D9: 1529 | E9: 1460 | F9: 6530
A10: 45698 | B10: 912 | C10: 1723 | D10: 1202 | E10: 1444 | F10: 5281
A11: 45642 | B11: 1377 | C11: 1432 | D11: 1359 | E11: 876 | F11: 5044
A12: 45712 | B12: 1707 | C12: 1375 | D12: 708 | E12: 1016 | F12: 4806
A13: 45628 | B13: 1706 | C13: 1625 | D13: 1173 | E13: 291 | F13: 4795
A14: 45635 | B14: 1373 | C14: 1119 | D14: 1727 | E14: 573 | F14: 4792
A15: 45782 | B15: 339 | C15: 1881 | D15: 1510 | E15: 864 | F15: 4594
A16: 45600 | B16: 540 | C16: 1397 | D16: 1603 | E16: 1044 | F16: 4584
A17: 45544 | B17: 1428 | C17: 1572 | D17: 260 | E17: 1100 | F17: 4360
A18: 45747 | B18: 514 | C18: 641 | D18: 1676 | E18: 1467 | F18: 4298
A19: 45733 | B19: 1116 | C19: 680 | D19: 861 | E19: 1385 | F19: 4042
A20: 45768 | B20: 1045 | C20: 603 | D20: 759 | E20: 1633 | F20: 4040
... A24: 45572 | B24: 1662 | C24: 1872 | D24: 107 | E24: 118 | F24: 3759
A25: 45516 | B25: 1334 | C25: 1325 | D25: 37 | E25: 1032 | F25: 3728 | H25: Platform | I25: Average of Ad_Spend | J25: Average of Follower_Growth
A26: 45726 | B26: 908 | C26: 212 | D26: 1350 | E26: 1242 | F26: 3712 | H26: Facebook | I26: 27590.78 | J26: 711.14
A27: 45705 | B27: 1590 | C27: 965 | D27: -37 | E27: 1175 | F27: 3693 | H27: Instagram | I27: 23287.46 | J27: 960.08
A28: 45677 | B28: 427 | C28: 1572 | D28: 891 | E28: 724 | F28: 3614 | H28: Twitter | I28: 21207.14 | J28: 823.54
A29: 45775 | B29: 453 | C29: 1539 | D29: 948 | E29: 637 | F29: 3577 | H29: YouTube | I29: 24572.94 | J29: 707.34
A30: 45663 | B30: 620 | C30: 903 | D30: 1188 | E30: 846 | F30: 3557 | H30: Grand Total | I30: 24164.58 | J30: 800.525
A31: 45446 | B31: 1002 | C31: 1047 | D31: 415 | E31: 1090 | F31: 3554
A32: 45684 | B32: 898 | C32: -166 | D32: 1426 | E32: 1225 | F32: 3383
A33: 45558 | B33: -19 | C33: 666 | D33: 1680 | E33: 1006 | F33: 3333
A34: 45565 | B34: -179 | C34: 1025 | D34: 599 | E34: 1706 | F34: 3151
A35: 45481 | B35: 309 | C35: 1672 | D35: 547 | E35: 514 | F35: 3042
A36: 45467 | B36: 1670 | C36: 629 | D36: 835 | E36: -123 | F36: 3011 | L36: video link
A37: 45523 | B37: 1058 | C37: 76 | D37: 1665 | E37: 190 | F37: 2989
A38: 45453 | B38: 1283 | C38: 517 | D38: 186 | E38: 994 | F38: 2980
A39: 45530 | B39: 37 | C39: 1609 | D39: 1229 | E39: 28 | F39: 2903
A40: 45537 | B40: 1045 | C40: 1247 | D40: 197 | E40: 333 | F40: 2822
A41: 45586 | B41: 439 | C41: 262 | D41: 636 | E41: 1484 | F41: 2821
A42: 45670 | B42: 298 | C42: 1722 | D42: -144 | E42: 901 | F42: 2777
A43: 45495 | B43: 961 | C43: 159 | D43: 1316 | E43: 317 | F43: 2753
A44: 45593 | B44: 386 | C44: 576 | D44: 37 | E44: 1657 | F44: 2656
A45: 45754 | B45: 1029 | C45: 167 | D45: 1007 | E45: 209 | F45: 2412
A46: 45719 | B46: -119 | C46: 1315 | D46: 899 | E46: 315 | F46: 2410
A47: 45607 | B47: -106 | C47: 902 | D47: 1150 | E47: 349 | F47: 2295
A48: 45488 | B48: -164 | C48: 1845 | D48: 429 | E48: 160 | F48: 2270
... A58: 45761 | B58: -175 | C58: -160 | D58: 53 | E58: 145 | F58: -137
A59: Grand Total | B59: 35557 | C59: 48004 | D59: 41177 | E59: 35367 | F59: 160105
